[{"code":1,"name":"Littrick","surname":"Cyrille","birthday":"1/30/1997"},
{"code":2,"name":"Brownsell","surname":"Clarisse","birthday":"1/30/1977"},
{"code":3,"name":"Bridywater","surname":"Cole","birthday":"8/29/1980"},
{"code":4,"name":"Calver","surname":"Babs","birthday":"1/4/1993"},
{"code":5,"name":"De Atta","surname":"Idalia","birthday":"7/30/1984"},
{"code":6,"name":"Kezor","surname":"Vito","birthday":"3/9/1989"},
{"code":7,"name":"Mundford","surname":"Elysha","birthday":"7/30/1988"},
{"code":8,"name":"Collisson","surname":"Antoinette","birthday":"5/20/1971"},
{"code":9,"name":"Gurton","surname":"Kalindi","birthday":"7/16/1984"},
{"code":10,"name":"Bissex","surname":"Inez","birthday":"9/23/1982"},
{"code":11,"name":"Baudic","surname":"Marlo","birthday":"6/4/1978"},
{"code":12,"name":"Stockill","surname":"Benton","birthday":"9/28/1974"},
{"code":13,"name":"Stothard","surname":"Bryon","birthday":"12/7/1991"},
{"code":14,"name":"Cocci","surname":"Cassius","birthday":"2/1/1996"},
{"code":15,"name":"Simonin","surname":"Gordie","birthday":"9/30/1980"},
{"code":16,"name":"McTrustam","surname":"Wood","birthday":"1/30/1996"},
{"code":17,"name":"Kevane","surname":"Dorotea","birthday":"1/25/1985"},
{"code":18,"name":"Geer","surname":"Dinnie","birthday":"12/16/1982"},
{"code":19,"name":"Mila","surname":"Gill","birthday":"5/20/1998"},
{"code":20,"name":"Verriour","surname":"Goddard","birthday":"7/16/1995"},
{"code":21,"name":"Mapowder","surname":"Allene","birthday":"6/30/1985"},
{"code":22,"name":"Maciocia","surname":"Vikky","birthday":"10/4/1992"},
{"code":23,"name":"Basnett","surname":"Lian","birthday":"12/16/1986"},
{"code":24,"name":"Shaddick","surname":"Obed","birthday":"2/23/1975"},
{"code":25,"name":"Tandey","surname":"Perl","birthday":"11/30/1990"},
{"code":26,"name":"Benfield","surname":"Virginia","birthday":"10/2/1996"},
{"code":27,"name":"Blain","surname":"Marlie","birthday":"12/11/1974"},
{"code":28,"name":"Baggett","surname":"Sissy","birthday":"9/19/1985"},
{"code":29,"name":"Scawen","surname":"Amby","birthday":"3/11/1979"},
{"code":30,"name":"Gile","surname":"Patricia","birthday":"3/9/1994"},
{"code":31,"name":"Stemp","surname":"Zebedee","birthday":"5/10/1971"},
{"code":32,"name":"Hamshere","surname":"Sena","birthday":"5/15/1988"},
{"code":33,"name":"Metcalfe","surname":"Madeleine","birthday":"4/23/1983"},
{"code":34,"name":"Knighton","surname":"Blancha","birthday":"1/26/1998"},
{"code":35,"name":"Waterstone","surname":"Emelen","birthday":"11/9/1993"},
{"code":36,"name":"Andersch","surname":"Beverie","birthday":"8/5/1991"},
{"code":37,"name":"Terne","surname":"Lenora","birthday":"5/16/1993"},
{"code":38,"name":"Tsar","surname":"Gard","birthday":"12/9/1973"},
{"code":39,"name":"Winser","surname":"Reinhard","birthday":"3/20/1979"},
{"code":40,"name":"Crisell","surname":"Devy","birthday":"12/16/1972"},
{"code":41,"name":"Bowdidge","surname":"Packston","birthday":"6/21/1973"},
{"code":42,"name":"Tithacott","surname":"Joellen","birthday":"12/10/1985"},
{"code":43,"name":"Blow","surname":"Tommi","birthday":"2/22/1985"},
{"code":44,"name":"Swire","surname":"Yancy","birthday":"5/17/1972"},
{"code":45,"name":"Avison","surname":"Chad","birthday":"9/15/1986"},
{"code":46,"name":"Bohl","surname":"Gilbertina","birthday":"6/6/1977"},
{"code":47,"name":"Sopp","surname":"Melvin","birthday":"12/22/1984"},
{"code":48,"name":"Breston","surname":"Ezequiel","birthday":"8/23/1992"},
{"code":49,"name":"Bethune","surname":"Gilbertine","birthday":"5/12/1986"},
{"code":50,"name":"Vittle","surname":"Rockie","birthday":"7/2/1978"},
{"code":51,"name":"Krojn","surname":"Quillan","birthday":"2/16/1996"},
{"code":52,"name":"MacNaughton","surname":"Rey","birthday":"4/5/1986"},
{"code":53,"name":"Hassard","surname":"Wilhelmina","birthday":"2/26/1976"},
{"code":54,"name":"Jeannequin","surname":"Robena","birthday":"5/13/1998"},
{"code":55,"name":"Aberdalgy","surname":"Ruthanne","birthday":"9/19/1973"},
{"code":56,"name":"Rowdell","surname":"Heddi","birthday":"10/23/1987"},
{"code":57,"name":"Andrzejczak","surname":"Nesta","birthday":"8/27/1998"},
{"code":58,"name":"Cranstone","surname":"Grover","birthday":"12/16/1995"},
{"code":59,"name":"Mollison","surname":"Chandra","birthday":"9/24/1970"},
{"code":60,"name":"Piddlesden","surname":"Sergei","birthday":"11/13/1989"},
{"code":61,"name":"Dukesbury","surname":"Frederik","birthday":"9/18/1970"},
{"code":62,"name":"Wardingly","surname":"Bianca","birthday":"10/19/1996"},
{"code":63,"name":"Duberry","surname":"Rozamond","birthday":"5/6/2000"},
{"code":64,"name":"Gheerhaert","surname":"Cathe","birthday":"9/4/1991"},
{"code":65,"name":"Kelby","surname":"Morgen","birthday":"2/8/1998"},
{"code":66,"name":"Marcroft","surname":"Mechelle","birthday":"12/4/1991"},
{"code":67,"name":"Gronowe","surname":"Agnes","birthday":"5/1/1988"},
{"code":68,"name":"Ferrieri","surname":"Padraig","birthday":"8/27/1999"},
{"code":69,"name":"Steane","surname":"Thadeus","birthday":"12/25/2000"},
{"code":70,"name":"Leftwich","surname":"Lester","birthday":"4/14/1971"},
{"code":71,"name":"Alforde","surname":"Hulda","birthday":"8/16/1997"},
{"code":72,"name":"Franzettoini","surname":"Keary","birthday":"10/29/1972"},
{"code":73,"name":"Durant","surname":"Sashenka","birthday":"1/30/1996"},
{"code":74,"name":"Trelease","surname":"Hunfredo","birthday":"1/6/1982"},
{"code":75,"name":"Gooderham","surname":"Brenda","birthday":"5/31/1976"},
{"code":76,"name":"Pottes","surname":"Elisa","birthday":"9/3/1983"},
{"code":77,"name":"Perrycost","surname":"Bridget","birthday":"5/2/1982"},
{"code":78,"name":"Simenel","surname":"Thornton","birthday":"7/6/1990"},
{"code":79,"name":"Peterkin","surname":"Vin","birthday":"1/20/1999"},
{"code":80,"name":"Karolczyk","surname":"Gwendolyn","birthday":"2/1/1974"},
{"code":81,"name":"Rousell","surname":"Ferguson","birthday":"9/16/1995"},
{"code":82,"name":"Lamblot","surname":"Esma","birthday":"10/26/1976"},
{"code":83,"name":"Coombes","surname":"Holt","birthday":"8/22/1981"},
{"code":84,"name":"de Guise","surname":"Scottie","birthday":"11/17/1977"},
{"code":85,"name":"Glazzard","surname":"Jorgan","birthday":"4/19/1999"},
{"code":86,"name":"Rainy","surname":"Betta","birthday":"8/13/1993"},
{"code":87,"name":"Spilisy","surname":"Sandor","birthday":"4/22/1987"},
{"code":88,"name":"Leibold","surname":"Bella","birthday":"1/3/1979"},
{"code":89,"name":"Noddings","surname":"Templeton","birthday":"4/18/1976"},
{"code":90,"name":"Thomassen","surname":"Ferrell","birthday":"10/29/1970"},
{"code":91,"name":"Leighton","surname":"Aili","birthday":"5/20/1976"},
{"code":92,"name":"Philson","surname":"Dag","birthday":"9/9/1994"},
{"code":93,"name":"Gregersen","surname":"Jamie","birthday":"7/9/2000"},
{"code":94,"name":"Gogan","surname":"Addia","birthday":"4/22/1999"},
{"code":95,"name":"Ingrem","surname":"Tandy","birthday":"4/6/1975"},
{"code":96,"name":"Rentz","surname":"Opalina","birthday":"1/14/1997"},
{"code":97,"name":"Caston","surname":"Garrard","birthday":"4/9/1977"},
{"code":98,"name":"Rodway","surname":"Melita","birthday":"1/25/1992"},
{"code":99,"name":"Pollie","surname":"Inglebert","birthday":"8/10/1987"},
{"code":100,"name":"Gaythor","surname":"Agna","birthday":"5/23/1997"},
{"code":101,"name":"McLay","surname":"Mort","birthday":"12/1/1977"},
{"code":102,"name":"Orrey","surname":"Stacia","birthday":"9/25/1988"},
{"code":103,"name":"Loach","surname":"Gayla","birthday":"6/16/1993"},
{"code":104,"name":"Muckle","surname":"Alberik","birthday":"8/17/1970"},
{"code":105,"name":"Lovekin","surname":"Sandy","birthday":"7/16/1978"},
{"code":106,"name":"Novello","surname":"Zach","birthday":"8/9/1988"},
{"code":107,"name":"Widmoor","surname":"Ingra","birthday":"10/1/1985"},
{"code":108,"name":"Burnett","surname":"Lewes","birthday":"3/28/1984"},
{"code":109,"name":"Haggus","surname":"Barbabra","birthday":"7/12/1999"},
{"code":110,"name":"Churchman","surname":"Aurelea","birthday":"8/19/1984"},
{"code":111,"name":"Bortolazzi","surname":"Lothaire","birthday":"3/22/1985"},
{"code":112,"name":"Haggar","surname":"Kerrie","birthday":"9/4/1985"},
{"code":113,"name":"Chazotte","surname":"Darelle","birthday":"9/8/1992"},
{"code":114,"name":"Eddies","surname":"Sonni","birthday":"2/25/1972"},
{"code":115,"name":"Dexter","surname":"Jess","birthday":"7/18/1989"},
{"code":116,"name":"Barnwall","surname":"Maxie","birthday":"8/4/1979"},
{"code":117,"name":"Guirau","surname":"Byrle","birthday":"2/3/1985"},
{"code":118,"name":"Sigart","surname":"Kermy","birthday":"11/29/1984"},
{"code":119,"name":"Nissle","surname":"Renaldo","birthday":"10/18/1975"},
{"code":120,"name":"Ferriby","surname":"Brenn","birthday":"5/25/1996"},
{"code":121,"name":"Brackenridge","surname":"Randy","birthday":"9/5/2000"},
{"code":122,"name":"McKeown","surname":"Theadora","birthday":"4/22/1989"},
{"code":123,"name":"Menendez","surname":"Genovera","birthday":"6/28/1980"},
{"code":124,"name":"Guise","surname":"Arlette","birthday":"11/14/1993"},
{"code":125,"name":"Klimsch","surname":"Darby","birthday":"7/17/1998"},
{"code":126,"name":"Dryburgh","surname":"Maximilianus","birthday":"12/13/1998"},
{"code":127,"name":"McGowan","surname":"Dory","birthday":"5/26/1975"},
{"code":128,"name":"Johl","surname":"Legra","birthday":"7/29/1983"},
{"code":129,"name":"Gahan","surname":"Selby","birthday":"12/11/1979"},
{"code":130,"name":"Pettifer","surname":"Ophelie","birthday":"8/8/1989"},
{"code":131,"name":"Greenmon","surname":"Johnnie","birthday":"2/23/1972"},
{"code":132,"name":"Sherrott","surname":"Rhianon","birthday":"9/19/1996"},
{"code":133,"name":"Roberson","surname":"Roana","birthday":"8/16/1977"},
{"code":134,"name":"Millom","surname":"Farlay","birthday":"5/31/1996"},
{"code":135,"name":"Froome","surname":"Ogdan","birthday":"4/4/1985"},
{"code":136,"name":"Carrabott","surname":"Estrellita","birthday":"7/19/1994"},
{"code":137,"name":"Wilden","surname":"Elbertine","birthday":"8/17/1995"},
{"code":138,"name":"Perllman","surname":"Enos","birthday":"11/10/1990"},
{"code":139,"name":"Arlt","surname":"Kipp","birthday":"4/13/1990"},
{"code":140,"name":"Olenikov","surname":"Flory","birthday":"6/23/1978"},
{"code":141,"name":"Borthwick","surname":"Robinia","birthday":"6/23/1999"},
{"code":142,"name":"Huleatt","surname":"Fidela","birthday":"12/7/1994"},
{"code":143,"name":"Lugard","surname":"Meir","birthday":"6/13/1970"},
{"code":144,"name":"Dabney","surname":"Sharla","birthday":"11/11/1986"},
{"code":145,"name":"Watterson","surname":"Kerry","birthday":"12/8/1996"},
{"code":146,"name":"Cullagh","surname":"Sasha","birthday":"7/31/1977"},
{"code":147,"name":"Rabb","surname":"Waverley","birthday":"9/10/1994"},
{"code":148,"name":"Cornelisse","surname":"Bernita","birthday":"5/7/1994"},
{"code":149,"name":"Christofol","surname":"Fallon","birthday":"2/24/1988"},
{"code":150,"name":"Phonix","surname":"Jamesy","birthday":"1/5/1984"},
{"code":151,"name":"Stickells","surname":"Parke","birthday":"8/29/1987"},
{"code":152,"name":"Gwinnel","surname":"Felic","birthday":"2/23/1997"},
{"code":153,"name":"Rospars","surname":"Keenan","birthday":"6/2/1995"},
{"code":154,"name":"Cardenas","surname":"Witty","birthday":"6/5/1997"},
{"code":155,"name":"Standbridge","surname":"Benedikta","birthday":"9/17/1983"},
{"code":156,"name":"Dellenbrook","surname":"Geneva","birthday":"12/28/1985"},
{"code":157,"name":"Canizares","surname":"Christina","birthday":"2/22/1972"},
{"code":158,"name":"Bitterton","surname":"Wilmer","birthday":"9/24/1975"},
{"code":159,"name":"Hubner","surname":"Kass","birthday":"9/9/1978"},
{"code":160,"name":"Apfelmann","surname":"Kirsten","birthday":"1/23/1981"},
{"code":161,"name":"Gerrit","surname":"Jolee","birthday":"2/10/1986"},
{"code":162,"name":"Ashfold","surname":"Ancell","birthday":"6/8/1984"},
{"code":163,"name":"Ondricek","surname":"Law","birthday":"10/11/2001"},
{"code":164,"name":"Earwaker","surname":"Bartholemy","birthday":"4/20/1982"},
{"code":165,"name":"Touret","surname":"Simone","birthday":"1/2/1972"},
{"code":166,"name":"McMackin","surname":"Egan","birthday":"11/23/1971"},
{"code":167,"name":"Allsupp","surname":"Lavinie","birthday":"2/28/1978"},
{"code":168,"name":"Nequest","surname":"Gwynne","birthday":"1/31/1970"},
{"code":169,"name":"Bryns","surname":"Nyssa","birthday":"9/20/1973"},
{"code":170,"name":"O' Molan","surname":"Lyn","birthday":"2/8/1987"},
{"code":171,"name":"Merrgen","surname":"Rhianna","birthday":"1/2/1992"},
{"code":172,"name":"Hickeringill","surname":"Melicent","birthday":"10/21/1983"},
{"code":173,"name":"Fareweather","surname":"Jillene","birthday":"10/15/1994"},
{"code":174,"name":"Roddell","surname":"Gerti","birthday":"6/24/1999"},
{"code":175,"name":"Mathevet","surname":"Frederica","birthday":"9/23/1995"},
{"code":176,"name":"Bound","surname":"Ilario","birthday":"6/6/1984"},
{"code":177,"name":"Forth","surname":"Ryley","birthday":"5/18/1996"},
{"code":178,"name":"Duggen","surname":"Markos","birthday":"10/7/1983"},
{"code":179,"name":"Caren","surname":"Grant","birthday":"3/18/1995"},
{"code":180,"name":"Chapleo","surname":"Tannie","birthday":"3/29/1989"},
{"code":181,"name":"Ivanchikov","surname":"Ruthanne","birthday":"3/30/1971"},
{"code":182,"name":"Stainsby","surname":"Anjela","birthday":"4/5/1987"},
{"code":183,"name":"Monelli","surname":"Traver","birthday":"3/24/1984"},
{"code":184,"name":"Gingel","surname":"Culley","birthday":"10/4/1971"},
{"code":185,"name":"Kinghorne","surname":"Aggie","birthday":"8/4/1983"},
{"code":186,"name":"Sheahan","surname":"Merle","birthday":"9/10/1971"},
{"code":187,"name":"Coleridge","surname":"Grace","birthday":"3/5/1987"},
{"code":188,"name":"Lunbech","surname":"Naomi","birthday":"8/9/2000"},
{"code":189,"name":"Ascrofte","surname":"Nat","birthday":"1/16/1985"},
{"code":190,"name":"Leverich","surname":"Christine","birthday":"1/24/1980"},
{"code":191,"name":"Bright","surname":"Cyndy","birthday":"1/4/1995"},
{"code":192,"name":"Norssister","surname":"Isabel","birthday":"6/8/1986"},
{"code":193,"name":"Capper","surname":"Whitney","birthday":"6/5/1989"},
{"code":194,"name":"Vasilik","surname":"Lev","birthday":"3/26/1981"},
{"code":195,"name":"Francecione","surname":"Ad","birthday":"11/17/1990"},
{"code":196,"name":"Wellard","surname":"Fransisco","birthday":"2/12/1982"},
{"code":197,"name":"Downing","surname":"Trevor","birthday":"1/4/1982"},
{"code":198,"name":"Beedom","surname":"Giselbert","birthday":"8/21/1997"},
{"code":199,"name":"Chrstine","surname":"Miquela","birthday":"12/19/1984"},
{"code":200,"name":"Patsall","surname":"Torie","birthday":"4/18/1981"},
{"code":201,"name":"Larenson","surname":"Ardyth","birthday":"12/2/1982"},
{"code":202,"name":"Keneleyside","surname":"Nial","birthday":"1/25/1993"},
{"code":203,"name":"Dillow","surname":"Odell","birthday":"9/15/1984"},
{"code":204,"name":"Tadd","surname":"Bessie","birthday":"4/7/1985"},
{"code":205,"name":"Lightollers","surname":"Corny","birthday":"9/27/1973"},
{"code":206,"name":"Stopford","surname":"Evanne","birthday":"12/25/1974"},
{"code":207,"name":"Pastor","surname":"Freemon","birthday":"6/4/1973"},
{"code":208,"name":"Janos","surname":"Dennie","birthday":"6/13/1996"},
{"code":209,"name":"Muzzullo","surname":"Shawn","birthday":"11/9/1998"},
{"code":210,"name":"Tavner","surname":"Waneta","birthday":"5/18/1981"},
{"code":211,"name":"Muzzlewhite","surname":"Janie","birthday":"1/3/1994"},
{"code":212,"name":"Laddle","surname":"Shanon","birthday":"12/7/1981"},
{"code":213,"name":"Arnauduc","surname":"Elisabeth","birthday":"4/21/1983"},
{"code":214,"name":"Bettanay","surname":"Mohammed","birthday":"1/4/1978"},
{"code":215,"name":"Fishpool","surname":"Ruy","birthday":"8/3/1999"},
{"code":216,"name":"Ferbrache","surname":"Leonelle","birthday":"4/8/1987"},
{"code":217,"name":"Salack","surname":"Cherri","birthday":"4/30/1993"},
{"code":218,"name":"Yaknov","surname":"Sasha","birthday":"6/30/1989"},
{"code":219,"name":"Coppeard","surname":"Tove","birthday":"10/25/1992"},
{"code":220,"name":"Streets","surname":"Julietta","birthday":"7/27/1994"},
{"code":221,"name":"Waghorne","surname":"Nada","birthday":"4/18/1999"},
{"code":222,"name":"De Vries","surname":"Jerrome","birthday":"10/15/1979"},
{"code":223,"name":"Duddin","surname":"Beverlee","birthday":"5/24/1981"},
{"code":224,"name":"McMurrugh","surname":"Odie","birthday":"6/15/1996"},
{"code":225,"name":"Pain","surname":"Marten","birthday":"8/29/1999"},
{"code":226,"name":"Aimable","surname":"Killian","birthday":"3/17/1991"},
{"code":227,"name":"Ellingsworth","surname":"Millie","birthday":"2/17/1977"},
{"code":228,"name":"Ruppele","surname":"Kelsy","birthday":"6/12/1993"},
{"code":229,"name":"Burchett","surname":"Silvia","birthday":"9/29/1984"},
{"code":230,"name":"Brimblecombe","surname":"Roch","birthday":"2/18/1990"},
{"code":231,"name":"Marti","surname":"Leodora","birthday":"1/15/1992"},
{"code":232,"name":"Fonte","surname":"Cory","birthday":"5/23/1982"},
{"code":233,"name":"Maccraw","surname":"Corette","birthday":"6/3/1974"},
{"code":234,"name":"Djurisic","surname":"Ninette","birthday":"9/16/1984"},
{"code":235,"name":"Shoemark","surname":"Blisse","birthday":"10/30/2001"},
{"code":236,"name":"Chiverstone","surname":"Corty","birthday":"1/2/1973"},
{"code":237,"name":"Pautard","surname":"Kelila","birthday":"4/12/2001"},
{"code":238,"name":"Brahan","surname":"Parry","birthday":"5/1/1997"},
{"code":239,"name":"McBeath","surname":"Savina","birthday":"10/29/1984"},
{"code":240,"name":"Bachnic","surname":"Onfroi","birthday":"12/13/1985"},
{"code":241,"name":"Willstrop","surname":"Padget","birthday":"10/6/1975"},
{"code":242,"name":"McSporrin","surname":"Bradford","birthday":"1/29/1992"},
{"code":243,"name":"Doncom","surname":"Juliette","birthday":"2/12/1989"},
{"code":244,"name":"Longbone","surname":"Tori","birthday":"10/31/1983"},
{"code":245,"name":"Shaddick","surname":"Jerrie","birthday":"7/19/1987"},
{"code":246,"name":"Malicki","surname":"Pippy","birthday":"4/7/1981"},
{"code":247,"name":"Guy","surname":"Basil","birthday":"8/17/1973"},
{"code":248,"name":"Skule","surname":"Babbette","birthday":"10/2/1989"},
{"code":249,"name":"Powley","surname":"Belinda","birthday":"8/7/1989"},
{"code":250,"name":"Archibold","surname":"Filmore","birthday":"1/17/2001"},
{"code":251,"name":"Dandison","surname":"Berty","birthday":"5/12/1985"},
{"code":252,"name":"Wroath","surname":"Jamey","birthday":"6/24/1985"},
{"code":253,"name":"Shearsby","surname":"Cory","birthday":"12/20/2000"},
{"code":254,"name":"Langstaff","surname":"Jim","birthday":"9/21/1970"},
{"code":255,"name":"McCart","surname":"Fern","birthday":"7/17/1976"},
{"code":256,"name":"Delleschi","surname":"Melinde","birthday":"4/12/1993"},
{"code":257,"name":"Meiner","surname":"Koo","birthday":"1/26/2001"},
{"code":258,"name":"Offa","surname":"Conan","birthday":"6/10/1974"},
{"code":259,"name":"O' Liddy","surname":"Clint","birthday":"10/7/1973"},
{"code":260,"name":"Cordeux","surname":"Janie","birthday":"9/12/1992"},
{"code":261,"name":"Semorad","surname":"Berty","birthday":"1/12/1975"},
{"code":262,"name":"Naisby","surname":"Parnell","birthday":"5/21/1995"},
{"code":263,"name":"Gaukrodge","surname":"Ibbie","birthday":"11/29/1992"},
{"code":264,"name":"Whitehurst","surname":"Garwood","birthday":"6/4/1999"},
{"code":265,"name":"Attawell","surname":"Urson","birthday":"11/9/1997"},
{"code":266,"name":"Smurthwaite","surname":"Sheela","birthday":"3/16/1996"},
{"code":267,"name":"Middlemist","surname":"Cassius","birthday":"9/22/1999"},
{"code":268,"name":"Burry","surname":"Ethelda","birthday":"4/20/1992"},
{"code":269,"name":"Frascone","surname":"Manolo","birthday":"2/16/1997"},
{"code":270,"name":"Morcom","surname":"Davon","birthday":"7/11/1970"},
{"code":271,"name":"Yoseloff","surname":"Kristian","birthday":"4/23/1974"},
{"code":272,"name":"Curman","surname":"Jade","birthday":"12/28/1988"},
{"code":273,"name":"Augustin","surname":"Gordan","birthday":"9/6/1998"},
{"code":274,"name":"Whetton","surname":"Zenia","birthday":"6/8/1986"},
{"code":275,"name":"Neagle","surname":"Greta","birthday":"4/22/1972"},
{"code":276,"name":"Pattinson","surname":"Matteo","birthday":"6/9/2001"},
{"code":277,"name":"Basterfield","surname":"Lou","birthday":"11/10/1993"},
{"code":278,"name":"Winton","surname":"Gaylor","birthday":"6/1/1996"},
{"code":279,"name":"Woodrooffe","surname":"Ilsa","birthday":"6/17/1970"},
{"code":280,"name":"Lucian","surname":"Dyana","birthday":"6/26/1991"},
{"code":281,"name":"Brouwer","surname":"Valentine","birthday":"10/14/1998"},
{"code":282,"name":"Patsall","surname":"Rachael","birthday":"8/22/1976"},
{"code":283,"name":"O'Scanlon","surname":"Easter","birthday":"7/29/1975"},
{"code":284,"name":"Gallager","surname":"Maura","birthday":"9/15/1995"},
{"code":285,"name":"Lake","surname":"Sibby","birthday":"9/22/1971"},
{"code":286,"name":"Choldcroft","surname":"Allix","birthday":"1/29/1973"},
{"code":287,"name":"Whitnall","surname":"Huey","birthday":"12/20/1983"},
{"code":288,"name":"Witchard","surname":"Sonny","birthday":"7/11/1987"},
{"code":289,"name":"Bromidge","surname":"Merle","birthday":"2/4/1999"},
{"code":290,"name":"Debrick","surname":"Phyllis","birthday":"3/24/1974"},
{"code":291,"name":"Waldera","surname":"Thadeus","birthday":"4/10/1993"},
{"code":292,"name":"Gooddy","surname":"Herbert","birthday":"3/24/1980"},
{"code":293,"name":"De la Barre","surname":"Emanuel","birthday":"8/30/1987"},
{"code":294,"name":"Dallosso","surname":"Skippie","birthday":"7/31/1989"},
{"code":295,"name":"D'Antuoni","surname":"Konstance","birthday":"2/27/1985"},
{"code":296,"name":"Jerrams","surname":"Tanhya","birthday":"6/26/2000"},
{"code":297,"name":"Treven","surname":"Arlin","birthday":"6/23/1972"},
{"code":298,"name":"Maryott","surname":"Desiree","birthday":"6/9/1984"},
{"code":299,"name":"Judgkins","surname":"Rebekah","birthday":"6/3/1998"},
{"code":300,"name":"Miller","surname":"Cherise","birthday":"2/6/1999"},
{"code":301,"name":"Lightowler","surname":"Yoshiko","birthday":"11/9/1972"},
{"code":302,"name":"Streater","surname":"Matthias","birthday":"3/1/2001"},
{"code":303,"name":"Sherr","surname":"Susan","birthday":"10/21/1995"},
{"code":304,"name":"Gelardi","surname":"Arley","birthday":"5/5/1988"},
{"code":305,"name":"Bown","surname":"Shell","birthday":"1/4/1995"},
{"code":306,"name":"Vogeler","surname":"Marney","birthday":"4/27/1995"},
{"code":307,"name":"Saltern","surname":"Teriann","birthday":"4/28/2000"},
{"code":308,"name":"Mansour","surname":"Kayla","birthday":"11/12/1980"},
{"code":309,"name":"Harsum","surname":"Urbanus","birthday":"4/28/1989"},
{"code":310,"name":"Benedicte","surname":"Mireielle","birthday":"5/29/2000"},
{"code":311,"name":"Matyashev","surname":"Herc","birthday":"9/22/1988"},
{"code":312,"name":"Jeyes","surname":"Melloney","birthday":"11/1/1994"},
{"code":313,"name":"Cahillane","surname":"Winifield","birthday":"10/15/1981"},
{"code":314,"name":"Hedderly","surname":"Ricard","birthday":"6/12/1979"},
{"code":315,"name":"Eustanch","surname":"Caralie","birthday":"8/16/1986"},
{"code":316,"name":"Lyddon","surname":"Hedvige","birthday":"4/3/1989"},
{"code":317,"name":"Stearn","surname":"Peta","birthday":"12/11/1994"},
{"code":318,"name":"Batrick","surname":"Maren","birthday":"3/8/1994"},
{"code":319,"name":"Weatherill","surname":"Nita","birthday":"12/12/1995"},
{"code":320,"name":"Timblett","surname":"Phelia","birthday":"5/31/1981"},
{"code":321,"name":"Reede","surname":"Clotilda","birthday":"7/9/1993"},
{"code":322,"name":"Jacobbe","surname":"Byron","birthday":"2/25/1973"},
{"code":323,"name":"Surtees","surname":"Elmira","birthday":"3/18/1975"},
{"code":324,"name":"Emmanueli","surname":"Benjie","birthday":"9/26/1986"},
{"code":325,"name":"Scullard","surname":"Pippy","birthday":"10/24/1981"},
{"code":326,"name":"Newcombe","surname":"Angelina","birthday":"11/20/1971"},
{"code":327,"name":"Clunie","surname":"Vania","birthday":"2/16/1998"},
{"code":328,"name":"Synder","surname":"Melisandra","birthday":"1/13/1990"},
{"code":329,"name":"Friedman","surname":"Jaymie","birthday":"1/24/1988"},
{"code":330,"name":"Richardet","surname":"Katalin","birthday":"10/16/1992"},
{"code":331,"name":"Povlsen","surname":"Malory","birthday":"8/8/1971"},
{"code":332,"name":"Alenov","surname":"Mathias","birthday":"4/13/1970"},
{"code":333,"name":"Goldup","surname":"Linn","birthday":"7/24/1994"},
{"code":334,"name":"Worner","surname":"Brig","birthday":"10/9/1999"},
{"code":335,"name":"Dalliwater","surname":"Monique","birthday":"4/17/1974"},
{"code":336,"name":"Peche","surname":"Edik","birthday":"7/15/1993"},
{"code":337,"name":"Wigginton","surname":"Lois","birthday":"8/29/1986"},
{"code":338,"name":"Blazewski","surname":"Darcy","birthday":"2/21/2000"},
{"code":339,"name":"Desouza","surname":"Farris","birthday":"7/13/1982"},
{"code":340,"name":"Cassin","surname":"Ofelia","birthday":"5/15/1992"},
{"code":341,"name":"Valance","surname":"Jennie","birthday":"1/7/1993"},
{"code":342,"name":"Brereton","surname":"Rik","birthday":"11/9/1978"},
{"code":343,"name":"O' Markey","surname":"Rina","birthday":"11/27/2000"},
{"code":344,"name":"Campione","surname":"Porty","birthday":"11/25/1983"},
{"code":345,"name":"Paulazzi","surname":"Thorny","birthday":"2/14/1999"},
{"code":346,"name":"McIllrick","surname":"Dinah","birthday":"7/31/1992"},
{"code":347,"name":"Kittle","surname":"Papageno","birthday":"3/19/1977"},
{"code":348,"name":"Gianilli","surname":"Chrisse","birthday":"9/17/2000"},
{"code":349,"name":"Holley","surname":"Valina","birthday":"2/22/1971"},
{"code":350,"name":"Dallman","surname":"Tynan","birthday":"1/4/1979"},
{"code":351,"name":"Yurchishin","surname":"Colet","birthday":"5/6/1981"},
{"code":352,"name":"Yewdell","surname":"Henderson","birthday":"3/25/1981"},
{"code":353,"name":"Hellwig","surname":"Lenora","birthday":"7/5/1970"},
{"code":354,"name":"Jacklin","surname":"Julieta","birthday":"2/28/1989"},
{"code":355,"name":"Emmott","surname":"Bea","birthday":"5/9/1978"},
{"code":356,"name":"Escoffier","surname":"Alisun","birthday":"8/31/1993"},
{"code":357,"name":"Brewitt","surname":"Flss","birthday":"11/7/1980"},
{"code":358,"name":"Clymo","surname":"Granville","birthday":"5/1/2001"},
{"code":359,"name":"Dovidaitis","surname":"Cherey","birthday":"5/13/1985"},
{"code":360,"name":"Olenchikov","surname":"Dell","birthday":"8/26/1998"},
{"code":361,"name":"Sutheran","surname":"Cherish","birthday":"3/30/1999"},
{"code":362,"name":"Rumbelow","surname":"Samson","birthday":"7/6/1986"},
{"code":363,"name":"Loblie","surname":"Gaelan","birthday":"8/14/1974"},
{"code":364,"name":"Heyburn","surname":"Marsh","birthday":"4/23/1988"},
{"code":365,"name":"Attwool","surname":"Mack","birthday":"12/25/1976"},
{"code":366,"name":"Allwright","surname":"Cobby","birthday":"11/10/1997"},
{"code":367,"name":"Peedell","surname":"Waiter","birthday":"5/1/1976"},
{"code":368,"name":"Burniston","surname":"Fanni","birthday":"7/25/1990"},
{"code":369,"name":"Le febre","surname":"Floria","birthday":"2/7/1978"},
{"code":370,"name":"Arno","surname":"Bord","birthday":"1/8/1994"},
{"code":371,"name":"Lideard","surname":"Carine","birthday":"10/3/1995"},
{"code":372,"name":"Alvarado","surname":"Lilian","birthday":"2/15/1977"},
{"code":373,"name":"Cranmere","surname":"Loralyn","birthday":"3/5/1980"},
{"code":374,"name":"Grumbridge","surname":"Heath","birthday":"3/17/1996"},
{"code":375,"name":"Stother","surname":"Hube","birthday":"6/18/1985"},
{"code":376,"name":"Simioni","surname":"Bonnibelle","birthday":"5/20/1989"},
{"code":377,"name":"Passe","surname":"Joanie","birthday":"10/21/1979"},
{"code":378,"name":"Arnout","surname":"Georgi","birthday":"2/28/1972"},
{"code":379,"name":"Pencot","surname":"Boot","birthday":"8/12/1970"},
{"code":380,"name":"Pherps","surname":"Tracee","birthday":"10/29/2001"},
{"code":381,"name":"Thurstan","surname":"Ivette","birthday":"10/24/1994"},
{"code":382,"name":"Leith","surname":"Lillis","birthday":"6/9/1981"},
{"code":383,"name":"Extal","surname":"Dagny","birthday":"8/9/1990"},
{"code":384,"name":"Hendron","surname":"Diane","birthday":"5/21/1997"},
{"code":385,"name":"McCalum","surname":"Noell","birthday":"1/21/1980"},
{"code":386,"name":"Clarey","surname":"Anallise","birthday":"4/17/1989"},
{"code":387,"name":"Wakeford","surname":"Petunia","birthday":"9/17/1986"},
{"code":388,"name":"Chastang","surname":"Betsy","birthday":"2/2/1995"},
{"code":389,"name":"Coghlin","surname":"Umberto","birthday":"11/19/1978"},
{"code":390,"name":"Robatham","surname":"Marilyn","birthday":"8/6/1983"},
{"code":391,"name":"Fellos","surname":"Doralin","birthday":"8/26/1988"},
{"code":392,"name":"Fermin","surname":"Francisco","birthday":"1/10/1995"},
{"code":393,"name":"Esseby","surname":"Dene","birthday":"9/14/1989"},
{"code":394,"name":"Harriott","surname":"Carmel","birthday":"4/6/1980"},
{"code":395,"name":"Hryncewicz","surname":"Isidoro","birthday":"6/26/1971"},
{"code":396,"name":"Eason","surname":"Dilly","birthday":"8/10/1980"},
{"code":397,"name":"Wilmot","surname":"Jesus","birthday":"8/23/1983"},
{"code":398,"name":"McReynold","surname":"Judah","birthday":"7/28/1974"},
{"code":399,"name":"Hedingham","surname":"Bel","birthday":"4/23/1996"},
{"code":400,"name":"Hentze","surname":"Cicily","birthday":"1/9/1982"},
{"code":401,"name":"Walkowski","surname":"Bernardo","birthday":"8/23/1972"},
{"code":402,"name":"Paolacci","surname":"Alys","birthday":"8/20/1986"},
{"code":403,"name":"Molden","surname":"Prisca","birthday":"10/22/1992"},
{"code":404,"name":"Sacher","surname":"Valentine","birthday":"12/11/1970"},
{"code":405,"name":"Pomfrey","surname":"Robinetta","birthday":"7/6/1994"},
{"code":406,"name":"MacCosty","surname":"Yul","birthday":"8/28/1977"},
{"code":407,"name":"Oleksinski","surname":"Mame","birthday":"10/21/2000"},
{"code":408,"name":"Flute","surname":"Lorette","birthday":"9/15/1986"},
{"code":409,"name":"Lamonby","surname":"Collete","birthday":"3/26/1994"},
{"code":410,"name":"Byk","surname":"Florrie","birthday":"5/13/1986"},
{"code":411,"name":"Esslement","surname":"Selle","birthday":"7/24/1971"},
{"code":412,"name":"Pedler","surname":"Duff","birthday":"6/16/1989"},
{"code":413,"name":"Aldhous","surname":"Florrie","birthday":"11/28/1970"},
{"code":414,"name":"Cranmor","surname":"Tallie","birthday":"4/14/1975"},
{"code":415,"name":"Demkowicz","surname":"Justis","birthday":"10/18/1972"},
{"code":416,"name":"Mephan","surname":"Milton","birthday":"4/1/1987"},
{"code":417,"name":"Cribbott","surname":"Noelle","birthday":"12/29/1981"},
{"code":418,"name":"Loram","surname":"Tirrell","birthday":"6/22/1989"},
{"code":419,"name":"Engley","surname":"Amity","birthday":"2/5/1985"},
{"code":420,"name":"Powley","surname":"Denis","birthday":"4/25/1975"},
{"code":421,"name":"Farlow","surname":"Madelina","birthday":"4/28/1984"},
{"code":422,"name":"Murdie","surname":"Mattie","birthday":"2/3/1978"},
{"code":423,"name":"Storey","surname":"Sande","birthday":"8/16/1976"},
{"code":424,"name":"Emma","surname":"Reyna","birthday":"11/18/1987"},
{"code":425,"name":"Ivermee","surname":"Cathleen","birthday":"11/5/1999"},
{"code":426,"name":"Blackaller","surname":"Ninon","birthday":"9/2/1988"},
{"code":427,"name":"Elwood","surname":"Norah","birthday":"12/25/1995"},
{"code":428,"name":"Jentin","surname":"Jori","birthday":"9/14/1990"},
{"code":429,"name":"Oughtright","surname":"Nathan","birthday":"2/3/1981"},
{"code":430,"name":"Ansett","surname":"Gabriele","birthday":"7/9/1992"},
{"code":431,"name":"Dayment","surname":"Gussy","birthday":"4/17/1978"},
{"code":432,"name":"Harler","surname":"Sheila-kathryn","birthday":"6/24/1998"},
{"code":433,"name":"Dron","surname":"Frederick","birthday":"5/29/1978"},
{"code":434,"name":"Nanelli","surname":"Dominic","birthday":"5/20/1971"},
{"code":435,"name":"Neumann","surname":"Ofella","birthday":"5/17/1998"},
{"code":436,"name":"Bowdery","surname":"Rafael","birthday":"5/22/1981"},
{"code":437,"name":"Megany","surname":"Charil","birthday":"1/24/1988"},
{"code":438,"name":"Guillot","surname":"Eleen","birthday":"2/19/1975"},
{"code":439,"name":"Wyett","surname":"Ag","birthday":"1/5/1991"},
{"code":440,"name":"Clemendot","surname":"Maritsa","birthday":"8/15/1976"},
{"code":441,"name":"Brooksbank","surname":"Steffie","birthday":"4/26/1981"},
{"code":442,"name":"Hardington","surname":"Sindee","birthday":"12/22/1999"},
{"code":443,"name":"Ashdown","surname":"Kirsti","birthday":"6/28/1979"},
{"code":444,"name":"Creamer","surname":"Sigvard","birthday":"5/28/1989"},
{"code":445,"name":"De Blasiis","surname":"Amberly","birthday":"1/18/1985"},
{"code":446,"name":"Brownill","surname":"Cirilo","birthday":"12/3/1995"},
{"code":447,"name":"Ratnege","surname":"Verina","birthday":"1/2/2001"},
{"code":448,"name":"Coopman","surname":"Massimo","birthday":"5/31/1985"},
{"code":449,"name":"Longford","surname":"Arny","birthday":"6/1/1990"},
{"code":450,"name":"Kidstone","surname":"Mariejeanne","birthday":"2/27/1971"},
{"code":451,"name":"Blasl","surname":"Pennie","birthday":"12/8/1974"},
{"code":452,"name":"Rae","surname":"Brit","birthday":"2/22/2001"},
{"code":453,"name":"Tolotti","surname":"Vickie","birthday":"1/24/1985"},
{"code":454,"name":"McCrisken","surname":"Cynthie","birthday":"4/2/1985"},
{"code":455,"name":"O'Luney","surname":"Margie","birthday":"5/21/1991"},
{"code":456,"name":"Gilhooly","surname":"Dasha","birthday":"4/6/1989"},
{"code":457,"name":"Marchington","surname":"Philis","birthday":"2/9/1978"},
{"code":458,"name":"Lynett","surname":"Gloriane","birthday":"11/28/1988"},
{"code":459,"name":"Yaldren","surname":"Grange","birthday":"4/13/1986"},
{"code":460,"name":"Cattermoul","surname":"Estelle","birthday":"3/20/1987"},
{"code":461,"name":"Moorrud","surname":"Paton","birthday":"5/7/1973"},
{"code":462,"name":"Moukes","surname":"Adolphus","birthday":"5/4/1970"},
{"code":463,"name":"Beckinsall","surname":"Hyacinthe","birthday":"12/17/1982"},
{"code":464,"name":"Curado","surname":"Dolly","birthday":"10/4/1983"},
{"code":465,"name":"Doppler","surname":"Shannah","birthday":"1/10/1985"},
{"code":466,"name":"Purvey","surname":"Burg","birthday":"10/7/1994"},
{"code":467,"name":"Melloy","surname":"Bone","birthday":"4/17/1998"},
{"code":468,"name":"Batchley","surname":"Mackenzie","birthday":"2/19/1998"},
{"code":469,"name":"de Clerc","surname":"Erda","birthday":"8/19/1991"},
{"code":470,"name":"Maltby","surname":"Thaxter","birthday":"5/25/1987"},
{"code":471,"name":"Gamlin","surname":"Homere","birthday":"12/9/1971"},
{"code":472,"name":"Shwalbe","surname":"Tomi","birthday":"6/6/1999"},
{"code":473,"name":"Larkcum","surname":"Araldo","birthday":"11/30/1987"},
{"code":474,"name":"Dobney","surname":"Guglielmo","birthday":"9/18/1997"},
{"code":475,"name":"Bielby","surname":"Junia","birthday":"5/2/1997"},
{"code":476,"name":"Cottesford","surname":"Cassandre","birthday":"5/13/1994"},
{"code":477,"name":"Calcott","surname":"Melinde","birthday":"12/25/1999"},
{"code":478,"name":"Phair","surname":"Vin","birthday":"4/26/2001"},
{"code":479,"name":"Baribal","surname":"Gipsy","birthday":"3/25/1981"},
{"code":480,"name":"Seamon","surname":"Kelwin","birthday":"2/23/1985"},
{"code":481,"name":"Harman","surname":"Dione","birthday":"9/30/1971"},
{"code":482,"name":"Esherwood","surname":"Daphna","birthday":"5/15/1975"},
{"code":483,"name":"Zottoli","surname":"Grethel","birthday":"5/28/1999"},
{"code":484,"name":"Stirgess","surname":"Petronilla","birthday":"5/2/1975"},
{"code":485,"name":"Cowsby","surname":"Suzie","birthday":"12/8/2000"},
{"code":486,"name":"Colum","surname":"Boonie","birthday":"5/26/1975"},
{"code":487,"name":"Ritter","surname":"Charles","birthday":"10/18/1981"},
{"code":488,"name":"Prendeville","surname":"Langsdon","birthday":"5/8/1976"},
{"code":489,"name":"Gepheart","surname":"Jillana","birthday":"10/6/1986"},
{"code":490,"name":"Brodbin","surname":"Monique","birthday":"8/29/1974"},
{"code":491,"name":"Dixson","surname":"Gareth","birthday":"3/26/1997"},
{"code":492,"name":"Dunstone","surname":"Blakelee","birthday":"11/29/1977"},
{"code":493,"name":"Andrin","surname":"Brooks","birthday":"11/9/1991"},
{"code":494,"name":"Egerton","surname":"Kevin","birthday":"10/31/1989"},
{"code":495,"name":"Cradick","surname":"Moreen","birthday":"1/27/1989"},
{"code":496,"name":"Tumbridge","surname":"Cindee","birthday":"8/10/1976"},
{"code":497,"name":"Keyhoe","surname":"Lowrance","birthday":"12/26/1995"},
{"code":498,"name":"Pinkney","surname":"Abramo","birthday":"10/10/1979"},
{"code":499,"name":"Thomsen","surname":"Natala","birthday":"12/16/1974"},
{"code":500,"name":"Richings","surname":"Aleda","birthday":"2/12/1994"},
{"code":501,"name":"Safell","surname":"Maison","birthday":"11/17/1989"},
{"code":502,"name":"Waghorn","surname":"Joelynn","birthday":"8/31/1983"},
{"code":503,"name":"Coolbear","surname":"Kylynn","birthday":"7/24/1976"},
{"code":504,"name":"Ariss","surname":"Catherina","birthday":"11/12/1999"},
{"code":505,"name":"Nolan","surname":"Gilberte","birthday":"11/23/1972"},
{"code":506,"name":"Brader","surname":"Beale","birthday":"9/11/1976"},
{"code":507,"name":"Stickins","surname":"Yetty","birthday":"5/27/1990"},
{"code":508,"name":"Gorsse","surname":"Teador","birthday":"2/18/1970"},
{"code":509,"name":"Pettingall","surname":"Hillary","birthday":"9/27/1976"},
{"code":510,"name":"Lunck","surname":"Ronnie","birthday":"11/22/1975"},
{"code":511,"name":"Bernollet","surname":"Trumann","birthday":"12/25/1971"},
{"code":512,"name":"Madre","surname":"Rolfe","birthday":"9/6/1974"},
{"code":513,"name":"Lomax","surname":"Janelle","birthday":"4/27/1988"},
{"code":514,"name":"Heskey","surname":"Galven","birthday":"1/12/1974"},
{"code":515,"name":"Hurdman","surname":"Nicolas","birthday":"5/25/1977"},
{"code":516,"name":"Stirrip","surname":"Burl","birthday":"1/6/1986"},
{"code":517,"name":"Rycraft","surname":"Brandyn","birthday":"1/24/1994"},
{"code":518,"name":"Blanko","surname":"Jacqueline","birthday":"12/19/1972"},
{"code":519,"name":"Emsley","surname":"Penelope","birthday":"5/23/1995"},
{"code":520,"name":"Joire","surname":"Johannah","birthday":"12/28/1988"},
{"code":521,"name":"Robertsson","surname":"Gustavus","birthday":"8/23/2000"},
{"code":522,"name":"Haston","surname":"Amy","birthday":"2/4/2001"},
{"code":523,"name":"Hartmann","surname":"Clywd","birthday":"5/19/1984"},
{"code":524,"name":"Chatfield","surname":"Matthus","birthday":"11/22/1990"},
{"code":525,"name":"Rowdell","surname":"Jerrie","birthday":"1/14/1978"},
{"code":526,"name":"Jasik","surname":"Olimpia","birthday":"3/27/1986"},
{"code":527,"name":"Theodore","surname":"Othilia","birthday":"6/9/1996"},
{"code":528,"name":"Hindrick","surname":"Elysee","birthday":"5/11/1996"},
{"code":529,"name":"Challenor","surname":"Jessa","birthday":"7/9/1976"},
{"code":530,"name":"Cherryman","surname":"Guthrie","birthday":"5/5/1980"},
{"code":531,"name":"Delahunty","surname":"Wilbur","birthday":"2/17/1981"},
{"code":532,"name":"Broseke","surname":"Danice","birthday":"9/11/1977"},
{"code":533,"name":"Dogerty","surname":"Bambi","birthday":"7/4/1986"},
{"code":534,"name":"Rutherford","surname":"Gillie","birthday":"2/6/1987"},
{"code":535,"name":"Melloy","surname":"Marja","birthday":"6/11/1993"},
{"code":536,"name":"Woehler","surname":"Charline","birthday":"8/4/1984"},
{"code":537,"name":"Haken","surname":"Dollie","birthday":"9/11/1999"},
{"code":538,"name":"Tilliards","surname":"Mia","birthday":"4/16/1979"},
{"code":539,"name":"Mattiazzo","surname":"Jessey","birthday":"8/19/1976"},
{"code":540,"name":"Amsberger","surname":"Silvana","birthday":"9/10/1977"},
{"code":541,"name":"Mullaney","surname":"Julietta","birthday":"2/9/1995"},
{"code":542,"name":"Trippack","surname":"Perry","birthday":"6/20/1985"},
{"code":543,"name":"Tamburo","surname":"Petr","birthday":"1/15/1980"},
{"code":544,"name":"Dieton","surname":"Helyn","birthday":"12/29/1973"},
{"code":545,"name":"Ceney","surname":"Isac","birthday":"8/26/2001"},
{"code":546,"name":"Attwood","surname":"Ardyth","birthday":"6/23/1977"},
{"code":547,"name":"Persitt","surname":"Jessa","birthday":"10/18/1978"},
{"code":548,"name":"Affron","surname":"Dennison","birthday":"9/6/1997"},
{"code":549,"name":"Ambrosio","surname":"Kendrick","birthday":"8/9/1972"},
{"code":550,"name":"Gaskell","surname":"Tobe","birthday":"6/3/1999"},
{"code":551,"name":"Phython","surname":"Mandy","birthday":"6/2/1993"},
{"code":552,"name":"Leeb","surname":"Anallise","birthday":"12/23/1985"},
{"code":553,"name":"Harron","surname":"Davidde","birthday":"4/25/1971"},
{"code":554,"name":"Casey","surname":"Robin","birthday":"11/16/1993"},
{"code":555,"name":"Criple","surname":"Kelwin","birthday":"8/13/1996"},
{"code":556,"name":"Cuerdale","surname":"Branden","birthday":"8/18/1993"},
{"code":557,"name":"Tack","surname":"Gerta","birthday":"5/1/1970"},
{"code":558,"name":"Waddams","surname":"Sharleen","birthday":"2/26/1989"},
{"code":559,"name":"Stollenhof","surname":"Zia","birthday":"3/5/1971"},
{"code":560,"name":"Prestland","surname":"Olly","birthday":"3/2/1971"},
{"code":561,"name":"Grgic","surname":"Hamilton","birthday":"3/30/1989"},
{"code":562,"name":"Gehricke","surname":"Jeannette","birthday":"6/25/1974"},
{"code":563,"name":"Kalinsky","surname":"Collen","birthday":"3/16/1981"},
{"code":564,"name":"Snufflebottom","surname":"Melina","birthday":"6/3/1974"},
{"code":565,"name":"Ashment","surname":"Ardis","birthday":"2/12/1975"},
{"code":566,"name":"McGettigan","surname":"Jeri","birthday":"11/12/1985"},
{"code":567,"name":"Kleeman","surname":"Hartwell","birthday":"3/23/1989"},
{"code":568,"name":"Voce","surname":"Kaiser","birthday":"4/13/1976"},
{"code":569,"name":"Tideswell","surname":"Ky","birthday":"8/28/1993"},
{"code":570,"name":"Chant","surname":"Henrie","birthday":"11/20/1976"},
{"code":571,"name":"Halms","surname":"Suzy","birthday":"9/23/1994"},
{"code":572,"name":"Fearey","surname":"Nance","birthday":"5/17/1984"},
{"code":573,"name":"Potteridge","surname":"Janice","birthday":"1/6/1985"},
{"code":574,"name":"Grimster","surname":"Poppy","birthday":"9/21/1970"},
{"code":575,"name":"Caulwell","surname":"Sunshine","birthday":"2/10/1987"},
{"code":576,"name":"Burges","surname":"Brandais","birthday":"11/30/1992"},
{"code":577,"name":"Goncaves","surname":"Fanya","birthday":"11/6/1985"},
{"code":578,"name":"Cianelli","surname":"Petr","birthday":"11/6/1978"},
{"code":579,"name":"De Zuani","surname":"Artair","birthday":"2/2/2001"},
{"code":580,"name":"Hardware","surname":"Riordan","birthday":"9/6/1985"},
{"code":581,"name":"Lodeke","surname":"Preston","birthday":"9/24/1978"},
{"code":582,"name":"Winning","surname":"Nikkie","birthday":"4/11/1976"},
{"code":583,"name":"Gentile","surname":"Lucine","birthday":"5/2/1990"},
{"code":584,"name":"Lissimore","surname":"Bradan","birthday":"2/14/1988"},
{"code":585,"name":"Reyna","surname":"Lilian","birthday":"3/16/1986"},
{"code":586,"name":"Chantree","surname":"Cirilo","birthday":"8/10/1981"},
{"code":587,"name":"Conklin","surname":"Nikola","birthday":"10/21/1989"},
{"code":588,"name":"Bashford","surname":"Kory","birthday":"4/3/1977"},
{"code":589,"name":"Hawkswood","surname":"Ardyth","birthday":"7/5/1970"},
{"code":590,"name":"Fenge","surname":"Allyn","birthday":"7/15/1981"},
{"code":591,"name":"Treacy","surname":"Nathanil","birthday":"3/25/1991"},
{"code":592,"name":"Parsand","surname":"Franklyn","birthday":"11/30/1985"},
{"code":593,"name":"Martyns","surname":"Geoffry","birthday":"2/27/1979"},
{"code":594,"name":"Heinrici","surname":"Baird","birthday":"4/9/2000"},
{"code":595,"name":"Pimmocke","surname":"Torey","birthday":"5/22/1996"},
{"code":596,"name":"Guthrie","surname":"Karola","birthday":"5/23/1982"},
{"code":597,"name":"Hassett","surname":"Kippy","birthday":"7/28/1979"},
{"code":598,"name":"Ferneley","surname":"Libby","birthday":"9/6/1996"},
{"code":599,"name":"Conan","surname":"Claudell","birthday":"9/18/1977"},
{"code":600,"name":"Benois","surname":"Ephrayim","birthday":"3/11/1988"},
{"code":601,"name":"Jerrim","surname":"Debra","birthday":"12/4/1986"},
{"code":602,"name":"Kelloway","surname":"Franky","birthday":"3/18/1979"},
{"code":603,"name":"Mager","surname":"Nate","birthday":"9/3/1979"},
{"code":604,"name":"Fawdrie","surname":"Adrienne","birthday":"11/11/1980"},
{"code":605,"name":"Degg","surname":"Chelsea","birthday":"8/7/1987"},
{"code":606,"name":"Saterthwait","surname":"Pollyanna","birthday":"9/24/1980"},
{"code":607,"name":"Borham","surname":"Cassaundra","birthday":"4/7/2001"},
{"code":608,"name":"Stagge","surname":"Bunni","birthday":"11/5/1998"},
{"code":609,"name":"Kerwood","surname":"Jeromy","birthday":"7/22/1981"},
{"code":610,"name":"Vittel","surname":"Merralee","birthday":"2/15/1976"},
{"code":611,"name":"Fereday","surname":"Graham","birthday":"6/23/1970"},
{"code":612,"name":"Lief","surname":"Kalil","birthday":"8/10/1972"},
{"code":613,"name":"Cobelli","surname":"Goldy","birthday":"11/24/1994"},
{"code":614,"name":"Wrettum","surname":"Dougy","birthday":"1/12/1984"},
{"code":615,"name":"Connealy","surname":"Shandy","birthday":"12/10/1992"},
{"code":616,"name":"Yearns","surname":"Ula","birthday":"9/6/1978"},
{"code":617,"name":"Owbrick","surname":"Marylou","birthday":"3/8/1978"},
{"code":618,"name":"Roe","surname":"Corny","birthday":"7/19/1996"},
{"code":619,"name":"Abbati","surname":"Berny","birthday":"10/21/1982"},
{"code":620,"name":"Toten","surname":"Elvin","birthday":"7/20/1999"},
{"code":621,"name":"Kervin","surname":"Melinde","birthday":"10/22/1975"},
{"code":622,"name":"Cisec","surname":"Carr","birthday":"12/25/1975"},
{"code":623,"name":"Grichukhanov","surname":"Rayna","birthday":"12/8/1978"},
{"code":624,"name":"de la Tremoille","surname":"Sergio","birthday":"10/15/1979"},
{"code":625,"name":"Freire","surname":"Van","birthday":"11/25/1972"},
{"code":626,"name":"Truett","surname":"Roth","birthday":"12/21/1977"},
{"code":627,"name":"Leele","surname":"Nathaniel","birthday":"11/25/1996"},
{"code":628,"name":"Crichton","surname":"Myca","birthday":"4/4/1975"},
{"code":629,"name":"Charlson","surname":"Tracy","birthday":"12/27/1999"},
{"code":630,"name":"Greig","surname":"Bernadine","birthday":"2/23/2000"},
{"code":631,"name":"Clausson","surname":"Ulrika","birthday":"9/5/1994"},
{"code":632,"name":"Twelvetree","surname":"Don","birthday":"8/28/1971"},
{"code":633,"name":"Questier","surname":"Maxine","birthday":"11/10/1989"},
{"code":634,"name":"Quittonden","surname":"Xenos","birthday":"6/11/1997"},
{"code":635,"name":"Mohammed","surname":"Keslie","birthday":"4/18/1989"},
{"code":636,"name":"MacQuaker","surname":"Sol","birthday":"4/19/1972"},
{"code":637,"name":"Flinn","surname":"Adrian","birthday":"12/11/1978"},
{"code":638,"name":"Abeau","surname":"Missie","birthday":"8/14/1993"},
{"code":639,"name":"Ditchburn","surname":"Derrek","birthday":"2/26/1978"},
{"code":640,"name":"Ferrone","surname":"Helaine","birthday":"8/4/1988"},
{"code":641,"name":"Bowman","surname":"Ive","birthday":"3/6/1982"},
{"code":642,"name":"Ballendine","surname":"Aloise","birthday":"1/18/1973"},
{"code":643,"name":"Vaisey","surname":"Denis","birthday":"6/27/1986"},
{"code":644,"name":"Morgen","surname":"Sammy","birthday":"12/16/1977"},
{"code":645,"name":"McOwan","surname":"Katleen","birthday":"7/6/1992"},
{"code":646,"name":"Jacobowicz","surname":"Shermie","birthday":"9/14/1971"},
{"code":647,"name":"Hylton","surname":"Haskel","birthday":"10/7/2000"},
{"code":648,"name":"MacCaughey","surname":"Ruttger","birthday":"1/25/1989"},
{"code":649,"name":"Messruther","surname":"Dido","birthday":"1/16/1994"},
{"code":650,"name":"Jarrell","surname":"Kerry","birthday":"2/25/1976"},
{"code":651,"name":"Sturmey","surname":"Murdoch","birthday":"8/18/1985"},
{"code":652,"name":"Hansill","surname":"Jeremie","birthday":"6/11/1978"},
{"code":653,"name":"Lickorish","surname":"Rowan","birthday":"10/20/1985"},
{"code":654,"name":"Stamper","surname":"Florentia","birthday":"8/19/1972"},
{"code":655,"name":"Marrable","surname":"Teriann","birthday":"8/16/1991"},
{"code":656,"name":"Ricards","surname":"Byrle","birthday":"6/21/1987"},
{"code":657,"name":"Fullwood","surname":"Killy","birthday":"3/7/1972"},
{"code":658,"name":"Skace","surname":"Craggie","birthday":"12/15/1995"},
{"code":659,"name":"Tulleth","surname":"Rainer","birthday":"9/8/1970"},
{"code":660,"name":"MacCague","surname":"Orsa","birthday":"6/2/1992"},
{"code":661,"name":"Tourne","surname":"Nollie","birthday":"7/23/1978"},
{"code":662,"name":"Fincher","surname":"Stu","birthday":"1/29/1993"},
{"code":663,"name":"Rowlatt","surname":"Jodie","birthday":"7/29/1997"},
{"code":664,"name":"Clappson","surname":"Caye","birthday":"2/10/1997"},
{"code":665,"name":"Badland","surname":"Bea","birthday":"11/6/1971"},
{"code":666,"name":"McTrustam","surname":"Feliks","birthday":"5/6/1983"},
{"code":667,"name":"Plummer","surname":"Tony","birthday":"2/28/1982"},
{"code":668,"name":"Pennigar","surname":"Belia","birthday":"8/21/1985"},
{"code":669,"name":"Dukesbury","surname":"Anica","birthday":"6/20/1994"},
{"code":670,"name":"Watters","surname":"Reuven","birthday":"7/31/1991"},
{"code":671,"name":"Shilliday","surname":"Meriel","birthday":"6/19/1981"},
{"code":672,"name":"Dayment","surname":"Annalee","birthday":"7/22/1992"},
{"code":673,"name":"Davids","surname":"Helsa","birthday":"8/10/1983"},
{"code":674,"name":"Petch","surname":"Madison","birthday":"7/28/1987"},
{"code":675,"name":"Crooks","surname":"Martina","birthday":"10/9/1988"},
{"code":676,"name":"Birwhistle","surname":"Husain","birthday":"1/27/1973"},
{"code":677,"name":"Kiddy","surname":"Gabriela","birthday":"6/3/1989"},
{"code":678,"name":"Gozney","surname":"Trever","birthday":"1/19/1977"},
{"code":679,"name":"Thurby","surname":"Andromache","birthday":"3/26/1988"},
{"code":680,"name":"Weathey","surname":"Paxon","birthday":"12/4/1973"},
{"code":681,"name":"Servis","surname":"Dasi","birthday":"5/27/1980"},
{"code":682,"name":"Powton","surname":"Oswell","birthday":"2/24/1973"},
{"code":683,"name":"Jaquin","surname":"Cherrita","birthday":"1/5/1970"},
{"code":684,"name":"Parmby","surname":"Tyrone","birthday":"11/25/1993"},
{"code":685,"name":"Scragg","surname":"Donetta","birthday":"11/17/1999"},
{"code":686,"name":"Stainfield","surname":"Baxy","birthday":"5/29/1989"},
{"code":687,"name":"Viger","surname":"Lily","birthday":"3/12/1972"},
{"code":688,"name":"Wrathmell","surname":"Emmalynn","birthday":"9/12/1983"},
{"code":689,"name":"Condon","surname":"Natale","birthday":"1/17/1990"},
{"code":690,"name":"Sammars","surname":"Paola","birthday":"11/1/1990"},
{"code":691,"name":"Ovanesian","surname":"Latashia","birthday":"11/17/1983"},
{"code":692,"name":"Alldre","surname":"Sim","birthday":"10/30/1984"},
{"code":693,"name":"Kennagh","surname":"Nonie","birthday":"8/27/1973"},
{"code":694,"name":"Sutliff","surname":"Barnabe","birthday":"12/2/1984"},
{"code":695,"name":"O'Hickey","surname":"Wilmer","birthday":"8/24/1981"},
{"code":696,"name":"Whardley","surname":"Adan","birthday":"3/1/1984"},
{"code":697,"name":"Nasi","surname":"Gerianne","birthday":"8/1/1999"},
{"code":698,"name":"Swayton","surname":"Verna","birthday":"2/27/1995"},
{"code":699,"name":"Guiducci","surname":"Stesha","birthday":"11/18/1991"},
{"code":700,"name":"Gwilt","surname":"Nap","birthday":"4/23/1975"},
{"code":701,"name":"Swire","surname":"Nataline","birthday":"1/27/1998"},
{"code":702,"name":"Metheringham","surname":"Marge","birthday":"6/7/1993"},
{"code":703,"name":"Bilsland","surname":"Shandee","birthday":"9/30/1971"},
{"code":704,"name":"Leafe","surname":"Jaquenetta","birthday":"3/24/1982"},
{"code":705,"name":"McKeand","surname":"Emmy","birthday":"6/18/1978"},
{"code":706,"name":"Bunnell","surname":"Harrison","birthday":"12/23/1986"},
{"code":707,"name":"Coultar","surname":"Druci","birthday":"1/10/1978"},
{"code":708,"name":"Lowre","surname":"Lee","birthday":"7/8/1986"},
{"code":709,"name":"Butner","surname":"Sanderson","birthday":"2/23/1994"},
{"code":710,"name":"Thebeau","surname":"Catlee","birthday":"8/6/1994"},
{"code":711,"name":"Garwood","surname":"Neilla","birthday":"7/7/1998"},
{"code":712,"name":"Pideon","surname":"Hephzibah","birthday":"12/7/1978"},
{"code":713,"name":"McMylor","surname":"Freda","birthday":"4/4/1975"},
{"code":714,"name":"Patkin","surname":"Andrei","birthday":"12/15/1995"},
{"code":715,"name":"Noto","surname":"Doyle","birthday":"12/22/1971"},
{"code":716,"name":"Ginnety","surname":"Karalynn","birthday":"10/11/1985"},
{"code":717,"name":"Daout","surname":"Elizabeth","birthday":"5/29/1980"},
{"code":718,"name":"Grenfell","surname":"Jarad","birthday":"12/31/1990"},
{"code":719,"name":"Balaisot","surname":"Brita","birthday":"10/18/1997"},
{"code":720,"name":"Buyers","surname":"Web","birthday":"5/10/1999"},
{"code":721,"name":"Scothorn","surname":"Timothy","birthday":"8/11/2001"},
{"code":722,"name":"Spencook","surname":"Whittaker","birthday":"8/26/1985"},
{"code":723,"name":"Mathivet","surname":"Corey","birthday":"1/2/1975"},
{"code":724,"name":"Basindale","surname":"Audrye","birthday":"3/4/1979"},
{"code":725,"name":"Keenleyside","surname":"Phillis","birthday":"1/8/2000"},
{"code":726,"name":"Daice","surname":"Avis","birthday":"4/24/1975"},
{"code":727,"name":"Chartre","surname":"Ginger","birthday":"8/6/1989"},
{"code":728,"name":"Jeannet","surname":"Urbanus","birthday":"8/21/2001"},
{"code":729,"name":"Boomes","surname":"Maris","birthday":"4/18/1976"},
{"code":730,"name":"Pembry","surname":"Bess","birthday":"5/17/1982"},
{"code":731,"name":"Brakespear","surname":"Monah","birthday":"5/3/1988"},
{"code":732,"name":"Gatenby","surname":"Harp","birthday":"10/23/1984"},
{"code":733,"name":"Gater","surname":"Nike","birthday":"11/7/1971"},
{"code":734,"name":"Halfpenny","surname":"Philip","birthday":"3/22/1989"},
{"code":735,"name":"Chaplain","surname":"Lacee","birthday":"7/14/1981"},
{"code":736,"name":"Bearne","surname":"Stafford","birthday":"6/17/1987"},
{"code":737,"name":"Service","surname":"Merrick","birthday":"12/29/1983"},
{"code":738,"name":"Shackleton","surname":"Bartolomeo","birthday":"6/7/1983"},
{"code":739,"name":"Bowgen","surname":"Avis","birthday":"3/7/1970"},
{"code":740,"name":"Petracco","surname":"Sean","birthday":"9/8/1984"},
{"code":741,"name":"Lots","surname":"Aldo","birthday":"8/16/1987"},
{"code":742,"name":"Cocke","surname":"Luther","birthday":"10/31/1994"},
{"code":743,"name":"Reason","surname":"Eleonora","birthday":"11/22/1991"},
{"code":744,"name":"Titcombe","surname":"Sapphira","birthday":"5/4/1975"},
{"code":745,"name":"Cottier","surname":"Dalenna","birthday":"9/6/2001"},
{"code":746,"name":"Yabsley","surname":"Joyan","birthday":"12/3/2000"},
{"code":747,"name":"Starton","surname":"Olive","birthday":"2/4/1996"},
{"code":748,"name":"Pandey","surname":"Marshall","birthday":"8/20/1987"},
{"code":749,"name":"Studdert","surname":"Delilah","birthday":"5/28/1994"},
{"code":750,"name":"Farn","surname":"Sonnnie","birthday":"5/28/1976"},
{"code":751,"name":"Hartle","surname":"Cathrin","birthday":"10/6/1985"},
{"code":752,"name":"Viscovi","surname":"Lorry","birthday":"12/19/1988"},
{"code":753,"name":"Escalera","surname":"Justen","birthday":"7/22/1973"},
{"code":754,"name":"Akast","surname":"Rochella","birthday":"5/16/1998"},
{"code":755,"name":"Misselbrook","surname":"Orville","birthday":"6/14/1971"},
{"code":756,"name":"Bangs","surname":"Rosaline","birthday":"10/3/1983"},
{"code":757,"name":"Gaither","surname":"Cecilius","birthday":"9/30/1981"},
{"code":758,"name":"Cersey","surname":"Lyndy","birthday":"4/22/1973"},
{"code":759,"name":"Holton","surname":"Colleen","birthday":"10/20/1978"},
{"code":760,"name":"Crabb","surname":"Constantia","birthday":"3/19/1983"},
{"code":761,"name":"Lomaz","surname":"Bernarr","birthday":"8/25/1986"},
{"code":762,"name":"Buddle","surname":"Luise","birthday":"3/27/1982"},
{"code":763,"name":"Hargreaves","surname":"Valdemar","birthday":"7/13/1985"},
{"code":764,"name":"Barnardo","surname":"Olympie","birthday":"2/2/1990"},
{"code":765,"name":"McAw","surname":"Arron","birthday":"2/7/1993"},
{"code":766,"name":"Burger","surname":"Lucina","birthday":"8/2/1974"},
{"code":767,"name":"Mozzi","surname":"Velvet","birthday":"3/10/1989"},
{"code":768,"name":"Layson","surname":"Reuben","birthday":"2/8/1993"},
{"code":769,"name":"Mee","surname":"Lidia","birthday":"12/20/2001"},
{"code":770,"name":"Bartholomaus","surname":"Lilllie","birthday":"5/3/2000"},
{"code":771,"name":"Blaisdale","surname":"Charlotta","birthday":"3/11/1982"},
{"code":772,"name":"Gergler","surname":"Leeland","birthday":"2/22/1998"},
{"code":773,"name":"Grissett","surname":"Oralee","birthday":"1/27/1970"},
{"code":774,"name":"Orgill","surname":"Stirling","birthday":"3/10/1974"},
{"code":775,"name":"Sympson","surname":"Budd","birthday":"11/6/1996"},
{"code":776,"name":"Birnie","surname":"Morena","birthday":"6/15/1978"},
{"code":777,"name":"Gremane","surname":"Adolphus","birthday":"6/18/1970"},
{"code":778,"name":"Hansford","surname":"Torie","birthday":"2/21/2000"},
{"code":779,"name":"Dodgshun","surname":"Lorrin","birthday":"8/21/1982"},
{"code":780,"name":"McDonogh","surname":"Ann-marie","birthday":"12/27/1978"},
{"code":781,"name":"Kirby","surname":"Robin","birthday":"2/3/1993"},
{"code":782,"name":"Wrist","surname":"Addie","birthday":"9/6/1982"},
{"code":783,"name":"Bortolotti","surname":"Maybelle","birthday":"7/16/1987"},
{"code":784,"name":"Tickle","surname":"Diana","birthday":"4/7/1975"},
{"code":785,"name":"Fishly","surname":"Dorthy","birthday":"7/20/1984"},
{"code":786,"name":"Gallo","surname":"Fee","birthday":"7/17/1973"},
{"code":787,"name":"Leese","surname":"Tomasina","birthday":"7/29/1999"},
{"code":788,"name":"Briskey","surname":"Jermaine","birthday":"12/6/1981"},
{"code":789,"name":"Jarrett","surname":"Jerald","birthday":"2/20/1972"},
{"code":790,"name":"Hacaud","surname":"Gail","birthday":"5/28/1976"},
{"code":791,"name":"Fassman","surname":"Wynny","birthday":"3/29/1971"},
{"code":792,"name":"Gravenell","surname":"Jerad","birthday":"6/9/1972"},
{"code":793,"name":"Wyllie","surname":"Boycey","birthday":"9/12/2000"},
{"code":794,"name":"Jorissen","surname":"Algernon","birthday":"2/11/1975"},
{"code":795,"name":"Sugden","surname":"Kippie","birthday":"6/30/1994"},
{"code":796,"name":"Aupol","surname":"Foss","birthday":"4/29/1991"},
{"code":797,"name":"Acott","surname":"Nadia","birthday":"6/18/1999"},
{"code":798,"name":"Skilton","surname":"Kerstin","birthday":"2/8/2001"},
{"code":799,"name":"Barnett","surname":"Marcel","birthday":"12/12/2000"},
{"code":800,"name":"Brimelow","surname":"Thane","birthday":"6/16/1994"},
{"code":801,"name":"Tern","surname":"Torrin","birthday":"5/18/1993"},
{"code":802,"name":"O'Cannovane","surname":"Curt","birthday":"7/21/1978"},
{"code":803,"name":"Radenhurst","surname":"Genvieve","birthday":"9/14/1979"},
{"code":804,"name":"Guiver","surname":"Lucita","birthday":"1/14/1993"},
{"code":805,"name":"Grieger","surname":"Robyn","birthday":"9/14/1980"},
{"code":806,"name":"Waycott","surname":"Scotty","birthday":"1/5/1974"},
{"code":807,"name":"Pawelke","surname":"Judy","birthday":"5/17/1998"},
{"code":808,"name":"Pedler","surname":"Sibylle","birthday":"4/3/1978"},
{"code":809,"name":"Cutcliffe","surname":"Nedda","birthday":"4/17/2000"},
{"code":810,"name":"Hold","surname":"Henrie","birthday":"6/6/1995"},
{"code":811,"name":"Esch","surname":"Dalt","birthday":"6/19/1980"},
{"code":812,"name":"Frediani","surname":"Lenee","birthday":"8/30/1972"},
{"code":813,"name":"Varnham","surname":"Lita","birthday":"4/13/1999"},
{"code":814,"name":"Labroue","surname":"Abbey","birthday":"6/11/1989"},
{"code":815,"name":"Chitson","surname":"Lynnell","birthday":"1/8/2001"},
{"code":816,"name":"Pentony","surname":"Meryl","birthday":"10/21/1984"},
{"code":817,"name":"Prickett","surname":"Josselyn","birthday":"12/17/1990"},
{"code":818,"name":"Daughtry","surname":"Lynn","birthday":"5/4/1998"},
{"code":819,"name":"Chatin","surname":"Inez","birthday":"5/15/1976"},
{"code":820,"name":"Thirkettle","surname":"Vaughn","birthday":"1/7/1975"},
{"code":821,"name":"McConnachie","surname":"Basile","birthday":"10/4/1991"},
{"code":822,"name":"Baskeyfield","surname":"Lilas","birthday":"4/28/1998"},
{"code":823,"name":"Ferrier","surname":"Xymenes","birthday":"6/21/1978"},
{"code":824,"name":"Filyukov","surname":"Bord","birthday":"1/13/1982"},
{"code":825,"name":"Billingsly","surname":"Sallyanne","birthday":"1/28/1979"},
{"code":826,"name":"Nurdin","surname":"Des","birthday":"12/6/1970"},
{"code":827,"name":"Dalbey","surname":"Hannis","birthday":"9/6/1981"},
{"code":828,"name":"Starrs","surname":"Elke","birthday":"10/31/1983"},
{"code":829,"name":"Towl","surname":"Blondell","birthday":"2/18/1980"},
{"code":830,"name":"Vertey","surname":"Tandie","birthday":"1/6/2000"},
{"code":831,"name":"Fairpo","surname":"Alvie","birthday":"10/19/1973"},
{"code":832,"name":"Conen","surname":"Yard","birthday":"8/13/1973"},
{"code":833,"name":"Crennell","surname":"Wallache","birthday":"12/4/1987"},
{"code":834,"name":"Offin","surname":"Merv","birthday":"4/13/1990"},
{"code":835,"name":"Yurchishin","surname":"Gusta","birthday":"8/12/1981"},
{"code":836,"name":"Avis","surname":"Ellis","birthday":"10/4/1986"},
{"code":837,"name":"Fawlkes","surname":"Janis","birthday":"7/10/1996"},
{"code":838,"name":"Rickson","surname":"Jarvis","birthday":"12/21/1973"},
{"code":839,"name":"Danforth","surname":"Kippar","birthday":"5/3/1980"},
{"code":840,"name":"Endley","surname":"L;urette","birthday":"2/5/2001"},
{"code":841,"name":"Skyner","surname":"Sharron","birthday":"1/18/1980"},
{"code":842,"name":"Twist","surname":"Zachery","birthday":"6/10/1992"},
{"code":843,"name":"Gadault","surname":"Willard","birthday":"1/9/1975"},
{"code":844,"name":"Frigout","surname":"Jobina","birthday":"9/2/1977"},
{"code":845,"name":"Marrow","surname":"Valida","birthday":"12/24/1990"},
{"code":846,"name":"Pudan","surname":"Lula","birthday":"11/8/1994"},
{"code":847,"name":"Lindsay","surname":"Jeannette","birthday":"1/14/1973"},
{"code":848,"name":"Noone","surname":"Laetitia","birthday":"1/2/1990"},
{"code":849,"name":"Parsons","surname":"Uta","birthday":"10/23/1987"},
{"code":850,"name":"Celloni","surname":"Hyacinthie","birthday":"7/5/1979"},
{"code":851,"name":"Duchasteau","surname":"Eddy","birthday":"3/13/1998"},
{"code":852,"name":"Braiden","surname":"Jude","birthday":"4/9/1977"},
{"code":853,"name":"Howman","surname":"Augustin","birthday":"9/7/1988"},
{"code":854,"name":"Jacobowits","surname":"Floyd","birthday":"1/20/1987"},
{"code":855,"name":"Lofthouse","surname":"Hadleigh","birthday":"12/1/2001"},
{"code":856,"name":"Thies","surname":"Madalena","birthday":"3/28/1989"},
{"code":857,"name":"Avrahamian","surname":"Julietta","birthday":"9/17/2000"},
{"code":858,"name":"Cranidge","surname":"Konstance","birthday":"2/23/1973"},
{"code":859,"name":"Franks","surname":"Rycca","birthday":"6/16/1988"},
{"code":860,"name":"Mawdsley","surname":"Yoshiko","birthday":"2/3/1990"},
{"code":861,"name":"Oldaker","surname":"Cirstoforo","birthday":"8/13/1978"},
{"code":862,"name":"Lillicrop","surname":"Dody","birthday":"9/18/1996"},
{"code":863,"name":"Redmore","surname":"Susana","birthday":"9/10/1991"},
{"code":864,"name":"Pickervance","surname":"Gillan","birthday":"8/14/1992"},
{"code":865,"name":"Ankrett","surname":"Adena","birthday":"2/12/1991"},
{"code":866,"name":"McPhillimey","surname":"Christan","birthday":"11/19/1994"},
{"code":867,"name":"Bennet","surname":"Jillane","birthday":"5/18/1983"},
{"code":868,"name":"Ilbert","surname":"Adey","birthday":"3/6/1980"},
{"code":869,"name":"Dargan","surname":"Lennie","birthday":"1/14/1999"},
{"code":870,"name":"Harkess","surname":"Clarke","birthday":"5/10/1977"},
{"code":871,"name":"Allden","surname":"Fern","birthday":"4/21/1975"},
{"code":872,"name":"Balham","surname":"Geri","birthday":"4/26/1991"},
{"code":873,"name":"Marcoolyn","surname":"Wyndham","birthday":"6/11/1993"},
{"code":874,"name":"Coverley","surname":"Gawain","birthday":"1/22/1994"},
{"code":875,"name":"Jaegar","surname":"Pollyanna","birthday":"8/22/1982"},
{"code":876,"name":"Bottini","surname":"Orlan","birthday":"1/23/1972"},
{"code":877,"name":"Roskell","surname":"Darin","birthday":"12/24/1980"},
{"code":878,"name":"Kilkenny","surname":"Frederico","birthday":"7/10/1989"},
{"code":879,"name":"Porcher","surname":"Adele","birthday":"1/7/1983"},
{"code":880,"name":"Groarty","surname":"Cyb","birthday":"7/24/1976"},
{"code":881,"name":"Haly","surname":"Reg","birthday":"11/13/1977"},
{"code":882,"name":"Wrinch","surname":"Vilhelmina","birthday":"3/22/1972"},
{"code":883,"name":"Cowdroy","surname":"Janice","birthday":"3/16/1978"},
{"code":884,"name":"Fairleigh","surname":"Buffy","birthday":"4/11/1985"},
{"code":885,"name":"Ewells","surname":"Randie","birthday":"5/5/1993"},
{"code":886,"name":"Gonning","surname":"Brit","birthday":"3/20/1993"},
{"code":887,"name":"Philipson","surname":"Rodi","birthday":"8/18/1977"},
{"code":888,"name":"Dunnett","surname":"Munroe","birthday":"10/2/1974"},
{"code":889,"name":"Heart","surname":"Indira","birthday":"1/23/1992"},
{"code":890,"name":"Hundy","surname":"Ellsworth","birthday":"4/7/1987"},
{"code":891,"name":"Taggert","surname":"Bette-ann","birthday":"5/8/1982"},
{"code":892,"name":"McKilroe","surname":"Godard","birthday":"5/16/1976"},
{"code":893,"name":"Andretti","surname":"Karoly","birthday":"3/26/1980"},
{"code":894,"name":"Daintith","surname":"Lisabeth","birthday":"10/18/1980"},
{"code":895,"name":"Hulle","surname":"Fernanda","birthday":"6/28/1980"},
{"code":896,"name":"Bock","surname":"Tomaso","birthday":"10/4/1976"},
{"code":897,"name":"Lotterington","surname":"Whitaker","birthday":"12/17/1972"},
{"code":898,"name":"Fallawe","surname":"Nanice","birthday":"3/1/1970"},
{"code":899,"name":"Redolfi","surname":"Lizabeth","birthday":"5/22/1994"},
{"code":900,"name":"Duffer","surname":"Charlie","birthday":"2/27/1987"},
{"code":901,"name":"Purvess","surname":"Emilie","birthday":"9/5/1995"},
{"code":902,"name":"Saull","surname":"Coralie","birthday":"1/23/1974"},
{"code":903,"name":"Carverhill","surname":"Son","birthday":"7/30/2001"},
{"code":904,"name":"Tourner","surname":"Wilow","birthday":"10/4/1992"},
{"code":905,"name":"Rubenov","surname":"Barthel","birthday":"1/20/1987"},
{"code":906,"name":"Lantuffe","surname":"Noble","birthday":"10/1/1994"},
{"code":907,"name":"Mawdsley","surname":"Leupold","birthday":"12/18/1971"},
{"code":908,"name":"Cregin","surname":"Carolan","birthday":"2/16/1997"},
{"code":909,"name":"Robens","surname":"Darcey","birthday":"11/8/1992"},
{"code":910,"name":"Gallyhaock","surname":"Hogan","birthday":"4/14/1981"},
{"code":911,"name":"Compton","surname":"Saleem","birthday":"7/18/1978"},
{"code":912,"name":"Hatcher","surname":"Anett","birthday":"6/27/1996"},
{"code":913,"name":"Bednell","surname":"Cecile","birthday":"6/23/1999"},
{"code":914,"name":"Emett","surname":"Daffie","birthday":"7/6/1987"},
{"code":915,"name":"Dodimead","surname":"Fremont","birthday":"5/31/1992"},
{"code":916,"name":"Petkov","surname":"Sheppard","birthday":"9/28/1995"},
{"code":917,"name":"Thripp","surname":"Emily","birthday":"4/10/1983"},
{"code":918,"name":"Muncey","surname":"Annalee","birthday":"2/19/1987"},
{"code":919,"name":"Purnell","surname":"Quintin","birthday":"7/3/1976"},
{"code":920,"name":"Chellingworth","surname":"Pietrek","birthday":"11/19/1973"},
{"code":921,"name":"Darling","surname":"Clare","birthday":"2/18/1974"},
{"code":922,"name":"Howden","surname":"Humfried","birthday":"3/17/1988"},
{"code":923,"name":"Kleingrub","surname":"Cornelia","birthday":"10/20/2000"},
{"code":924,"name":"Whight","surname":"Ailsun","birthday":"11/28/2001"},
{"code":925,"name":"Gregorace","surname":"Nicoline","birthday":"5/17/1987"},
{"code":926,"name":"Dimock","surname":"Starr","birthday":"8/22/1980"},
{"code":927,"name":"Krebs","surname":"Marcie","birthday":"6/30/1977"},
{"code":928,"name":"Upson","surname":"Gabby","birthday":"11/10/2000"},
{"code":929,"name":"Gaskill","surname":"Desmund","birthday":"12/27/2000"},
{"code":930,"name":"Westcott","surname":"Isadore","birthday":"2/3/1997"},
{"code":931,"name":"Sugars","surname":"Natassia","birthday":"6/2/2000"},
{"code":932,"name":"Rogge","surname":"Efren","birthday":"7/24/1974"},
{"code":933,"name":"Leate","surname":"Karel","birthday":"2/19/1992"},
{"code":934,"name":"Headings","surname":"Arnold","birthday":"1/25/1997"},
{"code":935,"name":"Thomtson","surname":"Ines","birthday":"11/16/1999"},
{"code":936,"name":"Barrable","surname":"Dorri","birthday":"9/19/1994"},
{"code":937,"name":"Matissoff","surname":"Aurelie","birthday":"1/14/1992"},
{"code":938,"name":"Wheway","surname":"Lewie","birthday":"2/15/1988"},
{"code":939,"name":"Penas","surname":"Beryl","birthday":"12/22/1996"},
{"code":940,"name":"Dillinton","surname":"Bernard","birthday":"6/5/1981"},
{"code":941,"name":"Loffhead","surname":"Lynnett","birthday":"10/9/1984"},
{"code":942,"name":"Manketell","surname":"Verine","birthday":"7/23/1987"},
{"code":943,"name":"Skydall","surname":"Drusilla","birthday":"7/8/1993"},
{"code":944,"name":"Cotelard","surname":"Shurlocke","birthday":"7/14/1979"},
{"code":945,"name":"Lawford","surname":"Inglebert","birthday":"10/19/1987"},
{"code":946,"name":"Wintle","surname":"Emmie","birthday":"7/19/1975"},
{"code":947,"name":"Mattocks","surname":"Evyn","birthday":"12/14/1999"},
{"code":948,"name":"Daniely","surname":"Gare","birthday":"7/11/1982"},
{"code":949,"name":"Hickisson","surname":"Rosalia","birthday":"2/15/1985"},
{"code":950,"name":"Blastock","surname":"Julius","birthday":"12/19/1973"},
{"code":951,"name":"Clubley","surname":"Carmencita","birthday":"1/13/2000"},
{"code":952,"name":"Punton","surname":"Austen","birthday":"9/10/1972"},
{"code":953,"name":"Soars","surname":"Adelind","birthday":"12/4/1978"},
{"code":954,"name":"Wigglesworth","surname":"Leanna","birthday":"8/4/1975"},
{"code":955,"name":"Magill","surname":"Ximenes","birthday":"2/26/1997"},
{"code":956,"name":"McWaters","surname":"Bonni","birthday":"8/8/2001"},
{"code":957,"name":"Henrionot","surname":"Claiborne","birthday":"1/15/1993"},
{"code":958,"name":"Carlill","surname":"Padriac","birthday":"9/24/1987"},
{"code":959,"name":"Plant","surname":"Margy","birthday":"4/6/1980"},
{"code":960,"name":"Chastang","surname":"Ellery","birthday":"2/13/1990"},
{"code":961,"name":"Gigg","surname":"Ravid","birthday":"4/30/1999"},
{"code":962,"name":"Eles","surname":"Way","birthday":"8/7/1970"},
{"code":963,"name":"Vasyukov","surname":"Kimberli","birthday":"8/13/1990"},
{"code":964,"name":"Stopp","surname":"Nissa","birthday":"11/11/1985"},
{"code":965,"name":"Perham","surname":"Eli","birthday":"4/12/1998"},
{"code":966,"name":"Skellington","surname":"Wallache","birthday":"9/16/1995"},
{"code":967,"name":"MacRorie","surname":"Gregoor","birthday":"2/26/2000"},
{"code":968,"name":"Klain","surname":"Judah","birthday":"7/14/1988"},
{"code":969,"name":"Matyugin","surname":"Chas","birthday":"5/25/1982"},
{"code":970,"name":"Symondson","surname":"Ginelle","birthday":"1/12/1992"},
{"code":971,"name":"Ingon","surname":"Hermy","birthday":"12/20/1985"},
{"code":972,"name":"O'Hanley","surname":"Klement","birthday":"4/6/1996"},
{"code":973,"name":"Meadway","surname":"Kellen","birthday":"1/11/1973"},
{"code":974,"name":"Charer","surname":"Ase","birthday":"8/19/1997"},
{"code":975,"name":"Bleue","surname":"Sybil","birthday":"12/8/1981"},
{"code":976,"name":"Wilmington","surname":"Melissa","birthday":"7/2/1978"},
{"code":977,"name":"Cello","surname":"Judas","birthday":"7/30/1970"},
{"code":978,"name":"O'Deegan","surname":"Moria","birthday":"2/2/1984"},
{"code":979,"name":"McCloy","surname":"Beret","birthday":"7/13/1972"},
{"code":980,"name":"Clutheram","surname":"Liam","birthday":"8/24/1984"},
{"code":981,"name":"Dowman","surname":"Retha","birthday":"3/11/1980"},
{"code":982,"name":"McParlin","surname":"Talbert","birthday":"12/28/1990"},
{"code":983,"name":"Arrundale","surname":"Eolande","birthday":"6/1/1976"},
{"code":984,"name":"Elbourn","surname":"Corrie","birthday":"4/10/1985"},
{"code":985,"name":"Staniford","surname":"Brnaby","birthday":"2/15/1973"},
{"code":986,"name":"Sinnett","surname":"Loleta","birthday":"8/15/1974"},
{"code":987,"name":"Brennand","surname":"Raimund","birthday":"5/28/2001"},
{"code":988,"name":"Southerton","surname":"Darelle","birthday":"6/19/1998"},
{"code":989,"name":"Olley","surname":"Alphonso","birthday":"6/29/1999"},
{"code":990,"name":"Fronzek","surname":"Giff","birthday":"3/12/2000"},
{"code":991,"name":"Preist","surname":"Ortensia","birthday":"9/13/1981"},
{"code":992,"name":"Claiden","surname":"Ninon","birthday":"6/19/1991"},
{"code":993,"name":"Nyles","surname":"Camey","birthday":"3/23/1999"},
{"code":994,"name":"Sellstrom","surname":"Barbe","birthday":"1/18/1987"},
{"code":995,"name":"Columbell","surname":"Sergei","birthday":"11/22/1984"},
{"code":996,"name":"Frearson","surname":"Avrit","birthday":"7/22/1981"},
{"code":997,"name":"Prawle","surname":"Marinna","birthday":"5/22/1975"},
{"code":998,"name":"Lowndesbrough","surname":"Eldredge","birthday":"2/20/1974"},
{"code":999,"name":"Samme","surname":"Florence","birthday":"7/28/1970"},
{"code":1000,"name":"MacIlriach","surname":"Carny","birthday":"4/26/1981"}]