{"owners":[
    {
        "idOwner": 1,
        "name": "Duddin",
        "surname": "Beverlee",
        "birthday": "5/24/1981;",
        "code": 223,
        "accomodations": [
            584,
            549,
            750
        ]
    },
    {
        "idOwner": 2,
        "name": "Sherr",
        "surname": "Susan",
        "birthday": "10/21/1995;",
        "code": 303,
        "accomodations": [
            429,
            678,
            237
        ]
    },
    {
        "idOwner": 3,
        "name": "MacQuaker",
        "surname": "Sol",
        "birthday": "4/19/1972;",
        "code": 636,
        "accomodations": [
            262,
            590
        ]
    },
    {
        "idOwner": 4,
        "name": "Perham",
        "surname": "Eli",
        "birthday": "4/12/1998;",
        "code": 965,
        "accomodations": [
            917,
            91,
            274,
            654,
            507
        ]
    },
    {
        "idOwner": 5,
        "name": "Yurchishin",
        "surname": "Colet",
        "birthday": "5/6/1981;",
        "code": 351,
        "accomodations": [
            377,
            609,
            488,
            611,
            809
        ]
    },
    {
        "idOwner": 6,
        "name": "Rickson",
        "surname": "Jarvis",
        "birthday": "12/21/1973;",
        "code": 838,
        "accomodations": [
            655,
            470
        ]
    },
    {
        "idOwner": 7,
        "name": "Ritter",
        "surname": "Charles",
        "birthday": "10/18/1981;",
        "code": 487,
        "accomodations": [
            857,
            538
        ]
    },
    {
        "idOwner": 8,
        "name": "Roddell",
        "surname": "Gerti",
        "birthday": "6/24/1999;",
        "code": 174,
        "accomodations": [
            683,
            154,
            661,
            596
        ]
    },
    {
        "idOwner": 9,
        "name": "Winton",
        "surname": "Gaylor",
        "birthday": "6/1/1996;",
        "code": 278,
        "accomodations": [
            923,
            760,
            735,
            761,
            686
        ]
    },
    {
        "idOwner": 10,
        "name": "Gremane",
        "surname": "Adolphus",
        "birthday": "6/18/1970;",
        "code": 777,
        "accomodations": [
            623,
            619,
            263
        ]
    },
    {
        "idOwner": 11,
        "name": "Miller",
        "surname": "Cherise",
        "birthday": "2/6/1999;",
        "code": 300,
        "accomodations": [
            573,
            38
        ]
    },
    {
        "idOwner": 12,
        "name": "Larkcum",
        "surname": "Araldo",
        "birthday": "11/30/1987;",
        "code": 473,
        "accomodations": [
            221
        ]
    },
    {
        "idOwner": 13,
        "name": "Nasi",
        "surname": "Gerianne",
        "birthday": "8/1/1999;",
        "code": 697,
        "accomodations": [
            875,
            440,
            510
        ]
    },
    {
        "idOwner": 14,
        "name": "Watterson",
        "surname": "Kerry",
        "birthday": "12/8/1996;",
        "code": 145,
        "accomodations": [
            57,
            937,
            588,
            333
        ]
    },
    {
        "idOwner": 15,
        "name": "Purnell",
        "surname": "Quintin",
        "birthday": "7/3/1976;",
        "code": 919,
        "accomodations": [
            688
        ]
    },
    {
        "idOwner": 16,
        "name": "Lyddon",
        "surname": "Hedvige",
        "birthday": "4/3/1989;",
        "code": 316,
        "accomodations": [
            767,
            797,
            198
        ]
    },
    {
        "idOwner": 17,
        "name": "Conen",
        "surname": "Yard",
        "birthday": "8/13/1973;",
        "code": 832,
        "accomodations": [
            878,
            461,
            547,
            324,
            342
        ]
    },
    {
        "idOwner": 18,
        "name": "Middlemist",
        "surname": "Cassius",
        "birthday": "9/22/1999;",
        "code": 267,
        "accomodations": [
            387,
            724
        ]
    },
    {
        "idOwner": 19,
        "name": "Phython",
        "surname": "Mandy",
        "birthday": "6/2/1993;",
        "code": 551,
        "accomodations": [
            889,
            223,
            176,
            295,
            911
        ]
    },
    {
        "idOwner": 20,
        "name": "Gravenell",
        "surname": "Jerad",
        "birthday": "6/9/1972;",
        "code": 792,
        "accomodations": [
            74
        ]
    },
    {
        "idOwner": 21,
        "name": "Benois",
        "surname": "Ephrayim",
        "birthday": "3/11/1988;",
        "code": 600,
        "accomodations": [
            938,
            250,
            677,
            140
        ]
    },
    {
        "idOwner": 22,
        "name": "Tourne",
        "surname": "Nollie",
        "birthday": "7/23/1978;",
        "code": 661,
        "accomodations": [
            652,
            480,
            58,
            456
        ]
    },
    {
        "idOwner": 23,
        "name": "Littrick",
        "surname": "Cyrille",
        "birthday": "1/30/1997",
        "code": 1,
        "accomodations": [
            873,
            638
        ]
    },
    {
        "idOwner": 24,
        "name": "Barrable",
        "surname": "Dorri",
        "birthday": "9/19/1994;",
        "code": 936,
        "accomodations": [
            406,
            565,
            286
        ]
    },
    {
        "idOwner": 25,
        "name": "Chaplain",
        "surname": "Lacee",
        "birthday": "7/14/1981;",
        "code": 735,
        "accomodations": [
            438,
            811,
            674,
            156
        ]
    },
    {
        "idOwner": 26,
        "name": "McOwan",
        "surname": "Katleen",
        "birthday": "7/6/1992;",
        "code": 645,
        "accomodations": [
            502,
            1000,
            187,
            120
        ]
    },
    {
        "idOwner": 27,
        "name": "Redmore",
        "surname": "Susana",
        "birthday": "9/10/1991;",
        "code": 863,
        "accomodations": [
            665
        ]
    },
    {
        "idOwner": 28,
        "name": "Kleeman",
        "surname": "Hartwell",
        "birthday": "3/23/1989;",
        "code": 567,
        "accomodations": [
            457,
            409,
            157,
            302
        ]
    },
    {
        "idOwner": 29,
        "name": "Kevane",
        "surname": "Dorotea",
        "birthday": "1/25/1985;",
        "code": 17,
        "accomodations": [
            602,
            904,
            625,
            955,
            906
        ]
    },
    {
        "idOwner": 30,
        "name": "Wintle",
        "surname": "Emmie",
        "birthday": "7/19/1975;",
        "code": 946,
        "accomodations": [
            559,
            580
        ]
    },
    {
        "idOwner": 31,
        "name": "Walkowski",
        "surname": "Bernardo",
        "birthday": "8/23/1972;",
        "code": 401,
        "accomodations": [
            105
        ]
    },
    {
        "idOwner": 32,
        "name": "Sugars",
        "surname": "Natassia",
        "birthday": "6/2/2000;",
        "code": 931,
        "accomodations": [
            800,
            894,
            844,
            24,
            109
        ]
    },
    {
        "idOwner": 33,
        "name": "Brouwer",
        "surname": "Valentine",
        "birthday": "10/14/1998;",
        "code": 281,
        "accomodations": [
            121,
            561,
            576
        ]
    },
    {
        "idOwner": 34,
        "name": "Haston",
        "surname": "Amy",
        "birthday": "2/4/2001;",
        "code": 522,
        "accomodations": [
            606,
            385,
            649
        ]
    },
    {
        "idOwner": 35,
        "name": "Bowdery",
        "surname": "Rafael",
        "birthday": "5/22/1981;",
        "code": 436,
        "accomodations": [
            77,
            454,
            171,
            403,
            743
        ]
    },
    {
        "idOwner": 36,
        "name": "Aberdalgy",
        "surname": "Ruthanne",
        "birthday": "9/19/1973;",
        "code": 55,
        "accomodations": [
            895,
            80,
            997,
            892,
            725
        ]
    },
    {
        "idOwner": 37,
        "name": "Blanko",
        "surname": "Jacqueline",
        "birthday": "12/19/1972;",
        "code": 518,
        "accomodations": [
            356,
            211,
            893,
            279,
            883
        ]
    },
    {
        "idOwner": 38,
        "name": "Coopman",
        "surname": "Massimo",
        "birthday": "5/31/1985;",
        "code": 448,
        "accomodations": [
            96
        ]
    },
    {
        "idOwner": 39,
        "name": "Yaknov",
        "surname": "Sasha",
        "birthday": "6/30/1989;",
        "code": 218,
        "accomodations": [
            500
        ]
    },
    {
        "idOwner": 40,
        "name": "Weathey",
        "surname": "Paxon",
        "birthday": "12/4/1973;",
        "code": 680,
        "accomodations": [
            170,
            243,
            147,
            890,
            754
        ]
    },
    {
        "idOwner": 41,
        "name": "Bridywater",
        "surname": "Cole",
        "birthday": "8/29/1980",
        "code": 3,
        "accomodations": [
            420,
            316,
            709,
            299
        ]
    },
    {
        "idOwner": 42,
        "name": "Wroath",
        "surname": "Jamey",
        "birthday": "6/24/1985;",
        "code": 252,
        "accomodations": [
            364,
            288,
            614,
            213
        ]
    },
    {
        "idOwner": 43,
        "name": "Cradick",
        "surname": "Moreen",
        "birthday": "1/27/1989;",
        "code": 495,
        "accomodations": [
            972,
            620,
            7
        ]
    },
    {
        "idOwner": 44,
        "name": "Molden",
        "surname": "Prisca",
        "birthday": "10/22/1992;",
        "code": 403,
        "accomodations": [
            487,
            209,
            627
        ]
    },
    {
        "idOwner": 45,
        "name": "Bettanay",
        "surname": "Mohammed",
        "birthday": "1/4/1978;",
        "code": 214,
        "accomodations": [
            775,
            45,
            499,
            986
        ]
    },
    {
        "idOwner": 46,
        "name": "Tandey",
        "surname": "Perl",
        "birthday": "11/30/1990;",
        "code": 25,
        "accomodations": [
            957,
            162
        ]
    },
    {
        "idOwner": 47,
        "name": "Nanelli",
        "surname": "Dominic",
        "birthday": "5/20/1971;",
        "code": 434,
        "accomodations": [
            282,
            634
        ]
    },
    {
        "idOwner": 48,
        "name": "Heinrici",
        "surname": "Baird",
        "birthday": "4/9/2000;",
        "code": 594,
        "accomodations": [
            864
        ]
    },
    {
        "idOwner": 49,
        "name": "Mephan",
        "surname": "Milton",
        "birthday": "4/1/1987;",
        "code": 416,
        "accomodations": [
            520
        ]
    },
    {
        "idOwner": 50,
        "name": "Olenchikov",
        "surname": "Dell",
        "birthday": "8/26/1998;",
        "code": 360,
        "accomodations": [
            335
        ]
    },
    {
        "idOwner": 51,
        "name": "Conklin",
        "surname": "Nikola",
        "birthday": "10/21/1989;",
        "code": 587,
        "accomodations": [
            110,
            101,
            52,
            12,
            759
        ]
    },
    {
        "idOwner": 52,
        "name": "Neagle",
        "surname": "Greta",
        "birthday": "4/22/1972;",
        "code": 275,
        "accomodations": [
            650,
            239
        ]
    },
    {
        "idOwner": 53,
        "name": "Bissex",
        "surname": "Inez",
        "birthday": "9/23/1982",
        "code": 10,
        "accomodations": [
            705,
            504
        ]
    },
    {
        "idOwner": 54,
        "name": "Rowdell",
        "surname": "Heddi",
        "birthday": "10/23/1987;",
        "code": 56,
        "accomodations": [
            394,
            132,
            491
        ]
    },
    {
        "idOwner": 55,
        "name": "Clubley",
        "surname": "Carmencita",
        "birthday": "1/13/2000;",
        "code": 951,
        "accomodations": [
            789,
            338
        ]
    },
    {
        "idOwner": 56,
        "name": "McDonogh",
        "surname": "Ann-marie",
        "birthday": "12/27/1978;",
        "code": 780,
        "accomodations": [
            249
        ]
    },
    {
        "idOwner": 57,
        "name": "Dimock",
        "surname": "Starr",
        "birthday": "8/22/1980;",
        "code": 926,
        "accomodations": [
            414,
            396
        ]
    },
    {
        "idOwner": 58,
        "name": "Bowdidge",
        "surname": "Packston",
        "birthday": "6/21/1973;",
        "code": 41,
        "accomodations": [
            311,
            841
        ]
    },
    {
        "idOwner": 59,
        "name": "Daice",
        "surname": "Avis",
        "birthday": "4/24/1975;",
        "code": 726,
        "accomodations": [
            9,
            766,
            400,
            737,
            427
        ]
    },
    {
        "idOwner": 60,
        "name": "Quittonden",
        "surname": "Xenos",
        "birthday": "6/11/1997;",
        "code": 634,
        "accomodations": [
            944,
            287,
            660,
            990,
            548
        ]
    },
    {
        "idOwner": 61,
        "name": "Loffhead",
        "surname": "Lynnett",
        "birthday": "10/9/1984;",
        "code": 941,
        "accomodations": [
            127,
            556,
            283
        ]
    },
    {
        "idOwner": 62,
        "name": "Ascrofte",
        "surname": "Nat",
        "birthday": "1/16/1985;",
        "code": 189,
        "accomodations": [
            958
        ]
    },
    {
        "idOwner": 63,
        "name": "Jeyes",
        "surname": "Melloney",
        "birthday": "11/1/1994;",
        "code": 312,
        "accomodations": [
            834
        ]
    },
    {
        "idOwner": 64,
        "name": "Ewells",
        "surname": "Randie",
        "birthday": "5/5/1993;",
        "code": 885,
        "accomodations": [
            104,
            275,
            695,
            381
        ]
    },
    {
        "idOwner": 65,
        "name": "Matissoff",
        "surname": "Aurelie",
        "birthday": "1/14/1992;",
        "code": 937,
        "accomodations": [
            277,
            902,
            607
        ]
    },
    {
        "idOwner": 66,
        "name": "Kittle",
        "surname": "Papageno",
        "birthday": "3/19/1977;",
        "code": 347,
        "accomodations": [
            503,
            840
        ]
    },
    {
        "idOwner": 67,
        "name": "Ferrieri",
        "surname": "Padraig",
        "birthday": "8/27/1999;",
        "code": 68,
        "accomodations": [
            26,
            54
        ]
    },
    {
        "idOwner": 68,
        "name": "Endley",
        "surname": "L;urette",
        "birthday": "2/5/2001",
        "code": 840,
        "accomodations": [
            466
        ]
    },
    {
        "idOwner": 69,
        "name": "Hassard",
        "surname": "Wilhelmina",
        "birthday": "2/26/1976;",
        "code": 53,
        "accomodations": [
            794,
            853,
            959
        ]
    },
    {
        "idOwner": 70,
        "name": "De la Barre",
        "surname": "Emanuel",
        "birthday": "8/30/1987;",
        "code": 293,
        "accomodations": [
            648,
            155
        ]
    },
    {
        "idOwner": 71,
        "name": "Lissimore",
        "surname": "Bradan",
        "birthday": "2/14/1988;",
        "code": 584,
        "accomodations": [
            161,
            285,
            40,
            921
        ]
    },
    {
        "idOwner": 72,
        "name": "Bachnic",
        "surname": "Onfroi",
        "birthday": "12/13/1985;",
        "code": 240,
        "accomodations": [
            975,
            130,
            856
        ]
    },
    {
        "idOwner": 73,
        "name": "Allsupp",
        "surname": "Lavinie",
        "birthday": "2/28/1978;",
        "code": 167,
        "accomodations": [
            577,
            999,
            344,
            838
        ]
    },
    {
        "idOwner": 74,
        "name": "McCart",
        "surname": "Fern",
        "birthday": "7/17/1976;",
        "code": 255,
        "accomodations": [
            378
        ]
    },
    {
        "idOwner": 75,
        "name": "Franks",
        "surname": "Rycca",
        "birthday": "6/16/1988;",
        "code": 859,
        "accomodations": [
            748,
            718,
            733
        ]
    },
    {
        "idOwner": 76,
        "name": "Rycraft",
        "surname": "Brandyn",
        "birthday": "1/24/1994;",
        "code": 517,
        "accomodations": [
            3,
            230,
            626,
            369,
            326
        ]
    },
    {
        "idOwner": 77,
        "name": "Cattermoul",
        "surname": "Estelle",
        "birthday": "3/20/1987;",
        "code": 460,
        "accomodations": [
            234,
            160,
            225
        ]
    },
    {
        "idOwner": 78,
        "name": "McCloy",
        "surname": "Beret",
        "birthday": "7/13/1972;",
        "code": 979,
        "accomodations": [
            517,
            541,
            124,
            64,
            303
        ]
    },
    {
        "idOwner": 79,
        "name": "Marcoolyn",
        "surname": "Wyndham",
        "birthday": "6/11/1993;",
        "code": 873,
        "accomodations": [
            859,
            327
        ]
    },
    {
        "idOwner": 80,
        "name": "Brereton",
        "surname": "Rik",
        "birthday": "11/9/1978;",
        "code": 342,
        "accomodations": [
            227
        ]
    },
    {
        "idOwner": 81,
        "name": "Coleridge",
        "surname": "Grace",
        "birthday": "3/5/1987;",
        "code": 187,
        "accomodations": [
            872
        ]
    },
    {
        "idOwner": 82,
        "name": "Jacklin",
        "surname": "Julieta",
        "birthday": "2/28/1989;",
        "code": 354,
        "accomodations": [
            23,
            195,
            204,
            300,
            967
        ]
    },
    {
        "idOwner": 83,
        "name": "Jasik",
        "surname": "Olimpia",
        "birthday": "3/27/1986;",
        "code": 526,
        "accomodations": [
            270,
            758,
            868,
            530
        ]
    },
    {
        "idOwner": 84,
        "name": "Frediani",
        "surname": "Lenee",
        "birthday": "8/30/1972;",
        "code": 812,
        "accomodations": [
            998,
            692,
            945
        ]
    },
    {
        "idOwner": 85,
        "name": "Plant",
        "surname": "Margy",
        "birthday": "4/6/1980;",
        "code": 959,
        "accomodations": [
            359,
            532,
            133,
            974
        ]
    },
    {
        "idOwner": 86,
        "name": "Merrgen",
        "surname": "Rhianna",
        "birthday": "1/2/1992;",
        "code": 171,
        "accomodations": [
            994
        ]
    },
    {
        "idOwner": 87,
        "name": "Safell",
        "surname": "Maison",
        "birthday": "11/17/1989;",
        "code": 501,
        "accomodations": [
            966,
            592
        ]
    },
    {
        "idOwner": 88,
        "name": "Orrey",
        "surname": "Stacia",
        "birthday": "9/25/1988;",
        "code": 102,
        "accomodations": [
            329,
            796,
            190,
            264
        ]
    },
    {
        "idOwner": 89,
        "name": "Chatfield",
        "surname": "Matthus",
        "birthday": "11/22/1990;",
        "code": 524,
        "accomodations": [
            610,
            616,
            10,
            790
        ]
    },
    {
        "idOwner": 90,
        "name": "Bashford",
        "surname": "Kory",
        "birthday": "4/3/1977;",
        "code": 588,
        "accomodations": [
            970,
            284,
            354
        ]
    },
    {
        "idOwner": 91,
        "name": "Thomtson",
        "surname": "Ines",
        "birthday": "11/16/1999;",
        "code": 935,
        "accomodations": [
            522,
            410,
            935,
            624,
            942
        ]
    },
    {
        "idOwner": 92,
        "name": "Dayment",
        "surname": "Annalee",
        "birthday": "7/22/1992;",
        "code": 672,
        "accomodations": [
            310,
            880,
            978
        ]
    },
    {
        "idOwner": 93,
        "name": "Ilbert",
        "surname": "Adey",
        "birthday": "3/6/1980;",
        "code": 868,
        "accomodations": [
            93
        ]
    },
    {
        "idOwner": 94,
        "name": "Dabney",
        "surname": "Sharla",
        "birthday": "11/11/1986;",
        "code": 144,
        "accomodations": [
            481,
            2
        ]
    },
    {
        "idOwner": 95,
        "name": "Sigart",
        "surname": "Kermy",
        "birthday": "11/29/1984;",
        "code": 118,
        "accomodations": [
            734,
            896
        ]
    },
    {
        "idOwner": 96,
        "name": "O' Molan",
        "surname": "Lyn",
        "birthday": "2/8/1987;",
        "code": 170,
        "accomodations": [
            700,
            306,
            822,
            918,
            430
        ]
    },
    {
        "idOwner": 97,
        "name": "Pimmocke",
        "surname": "Torey",
        "birthday": "5/22/1996;",
        "code": 595,
        "accomodations": [
            411,
            271,
            255,
            818,
            293
        ]
    },
    {
        "idOwner": 98,
        "name": "Condon",
        "surname": "Natale",
        "birthday": "1/17/1990;",
        "code": 689,
        "accomodations": [
            666,
            876,
            150,
            812
        ]
    },
    {
        "idOwner": 99,
        "name": "Pideon",
        "surname": "Hephzibah",
        "birthday": "12/7/1978;",
        "code": 712,
        "accomodations": [
            953,
            339,
            498
        ]
    },
    {
        "idOwner": 100,
        "name": "Richings",
        "surname": "Aleda",
        "birthday": "2/12/1994;",
        "code": 500,
        "accomodations": [
            909,
            135
        ]
    },
    {
        "idOwner": 101,
        "name": "Bleue",
        "surname": "Sybil",
        "birthday": "12/8/1981;",
        "code": 975,
        "accomodations": [
            943,
            371,
            820,
            495
        ]
    },
    {
        "idOwner": 102,
        "name": "Leele",
        "surname": "Nathaniel",
        "birthday": "11/25/1996;",
        "code": 627,
        "accomodations": [
            736,
            242,
            486,
            847,
            426
        ]
    },
    {
        "idOwner": 103,
        "name": "Touret",
        "surname": "Simone",
        "birthday": "1/2/1972;",
        "code": 165,
        "accomodations": [
            934,
            81,
            437,
            346
        ]
    },
    {
        "idOwner": 104,
        "name": "Baudic",
        "surname": "Marlo",
        "birthday": "6/4/1978",
        "code": 11,
        "accomodations": [
            524,
            63,
            46,
            685
        ]
    },
    {
        "idOwner": 105,
        "name": "Flinn",
        "surname": "Adrian",
        "birthday": "12/11/1978;",
        "code": 637,
        "accomodations": [
            512,
            347,
            433
        ]
    },
    {
        "idOwner": 106,
        "name": "Krebs",
        "surname": "Marcie",
        "birthday": "6/30/1977;",
        "code": 927,
        "accomodations": [
            786,
            897
        ]
    },
    {
        "idOwner": 107,
        "name": "Robertsson",
        "surname": "Gustavus",
        "birthday": "8/23/2000;",
        "code": 521,
        "accomodations": [
            985,
            236,
            946,
            21,
            72
        ]
    },
    {
        "idOwner": 108,
        "name": "Kiddy",
        "surname": "Gabriela",
        "birthday": "6/3/1989;",
        "code": 677,
        "accomodations": [
            572,
            956
        ]
    },
    {
        "idOwner": 109,
        "name": "Mollison",
        "surname": "Chandra",
        "birthday": "9/24/1970;",
        "code": 59,
        "accomodations": [
            719
        ]
    },
    {
        "idOwner": 110,
        "name": "Darling",
        "surname": "Clare",
        "birthday": "2/18/1974;",
        "code": 921,
        "accomodations": [
            629,
            732
        ]
    },
    {
        "idOwner": 111,
        "name": "Stockill",
        "surname": "Benton",
        "birthday": "9/28/1974",
        "code": 12,
        "accomodations": [
            276
        ]
    },
    {
        "idOwner": 112,
        "name": "O'Hanley",
        "surname": "Klement",
        "birthday": "4/6/1996;",
        "code": 972,
        "accomodations": [
            490,
            42,
            35,
            560,
            511
        ]
    },
    {
        "idOwner": 113,
        "name": "Theodore",
        "surname": "Othilia",
        "birthday": "6/9/1996;",
        "code": 527,
        "accomodations": [
            136
        ]
    },
    {
        "idOwner": 114,
        "name": "Greig",
        "surname": "Bernadine",
        "birthday": "2/23/2000;",
        "code": 630,
        "accomodations": [
            664,
            707,
            417,
            76,
            474
        ]
    },
    {
        "idOwner": 115,
        "name": "Melloy",
        "surname": "Marja",
        "birthday": "6/11/1993;",
        "code": 535,
        "accomodations": [
            514,
            506,
            633
        ]
    },
    {
        "idOwner": 116,
        "name": "Attwood",
        "surname": "Ardyth",
        "birthday": "6/23/1977;",
        "code": 546,
        "accomodations": [
            365
        ]
    },
    {
        "idOwner": 117,
        "name": "Dodimead",
        "surname": "Fremont",
        "birthday": "5/31/1992;",
        "code": 915,
        "accomodations": [
            389,
            29,
            448,
            658,
            141
        ]
    },
    {
        "idOwner": 118,
        "name": "Muckle",
        "surname": "Alberik",
        "birthday": "8/17/1970;",
        "code": 104,
        "accomodations": [
            13
        ]
    },
    {
        "idOwner": 119,
        "name": "Gerrit",
        "surname": "Jolee",
        "birthday": "2/10/1986;",
        "code": 161,
        "accomodations": [
            752,
            88,
            553,
            373
        ]
    },
    {
        "idOwner": 120,
        "name": "Simonin",
        "surname": "Gordie",
        "birthday": "9/30/1980",
        "code": 15,
        "accomodations": [
            689,
            476,
            680
        ]
    },
    {
        "idOwner": 121,
        "name": "Starrs",
        "surname": "Elke",
        "birthday": "10/31/1983;",
        "code": 828,
        "accomodations": [
            98,
            129,
            518
        ]
    },
    {
        "idOwner": 122,
        "name": "Lodeke",
        "surname": "Preston",
        "birthday": "9/24/1978;",
        "code": 581,
        "accomodations": [
            118,
            828,
            714,
            824
        ]
    },
    {
        "idOwner": 123,
        "name": "Dillinton",
        "surname": "Bernard",
        "birthday": "6/5/1981;",
        "code": 940,
        "accomodations": [
            340,
            229,
            949,
            989,
            231
        ]
    },
    {
        "idOwner": 124,
        "name": "Clausson",
        "surname": "Ulrika",
        "birthday": "9/5/1994;",
        "code": 631,
        "accomodations": [
            73
        ]
    },
    {
        "idOwner": 125,
        "name": "Ratnege",
        "surname": "Verina",
        "birthday": "1/2/2001;",
        "code": 447,
        "accomodations": [
            358,
            322,
            621
        ]
    },
    {
        "idOwner": 126,
        "name": "Cello",
        "surname": "Judas",
        "birthday": "7/30/1970;",
        "code": 977,
        "accomodations": [
            861
        ]
    },
    {
        "idOwner": 127,
        "name": "Rodway",
        "surname": "Melita",
        "birthday": "1/25/1992;",
        "code": 98,
        "accomodations": [
            570,
            210,
            545,
            936
        ]
    },
    {
        "idOwner": 128,
        "name": "Pickervance",
        "surname": "Gillan",
        "birthday": "8/14/1992;",
        "code": 864,
        "accomodations": [
            458,
            697,
            59
        ]
    },
    {
        "idOwner": 129,
        "name": "O'Luney",
        "surname": "Margie",
        "birthday": "5/21/1991;",
        "code": 455,
        "accomodations": [
            151
        ]
    },
    {
        "idOwner": 130,
        "name": "Tilliards",
        "surname": "Mia",
        "birthday": "4/16/1979;",
        "code": 538,
        "accomodations": [
            915,
            903,
            309,
            591
        ]
    },
    {
        "idOwner": 131,
        "name": "Saull",
        "surname": "Coralie",
        "birthday": "1/23/1974;",
        "code": 902,
        "accomodations": [
            976,
            543,
            102,
            612,
            332
        ]
    },
    {
        "idOwner": 132,
        "name": "Froome",
        "surname": "Ogdan",
        "birthday": "4/4/1985;",
        "code": 135,
        "accomodations": [
            598,
            256,
            552,
            815,
            653
        ]
    },
    {
        "idOwner": 133,
        "name": "Watters",
        "surname": "Reuven",
        "birthday": "7/31/1991;",
        "code": 670,
        "accomodations": [
            475,
            439,
            55,
            68
        ]
    },
    {
        "idOwner": 134,
        "name": "Lickorish",
        "surname": "Rowan",
        "birthday": "10/20/1985;",
        "code": 653,
        "accomodations": [
            804,
            888
        ]
    },
    {
        "idOwner": 135,
        "name": "Avison",
        "surname": "Chad",
        "birthday": "9/15/1986;",
        "code": 45,
        "accomodations": [
            782,
            144,
            106,
            657,
            233
        ]
    },
    {
        "idOwner": 136,
        "name": "Bromidge",
        "surname": "Merle",
        "birthday": "2/4/1999;",
        "code": 289,
        "accomodations": [
            268,
            86,
            960,
            866
        ]
    },
    {
        "idOwner": 137,
        "name": "Gaythor",
        "surname": "Agna",
        "birthday": "5/23/1997;",
        "code": 100,
        "accomodations": [
            97,
            646
        ]
    },
    {
        "idOwner": 138,
        "name": "Peedell",
        "surname": "Waiter",
        "birthday": "5/1/1976;",
        "code": 367,
        "accomodations": [
            901,
            753,
            424,
            376,
            784
        ]
    },
    {
        "idOwner": 139,
        "name": "Stearn",
        "surname": "Peta",
        "birthday": "12/11/1994;",
        "code": 317,
        "accomodations": [
            85,
            71,
            539,
            148,
            103
        ]
    },
    {
        "idOwner": 140,
        "name": "Doppler",
        "surname": "Shannah",
        "birthday": "1/10/1985;",
        "code": 465,
        "accomodations": [
            979,
            292,
            807,
            189
        ]
    },
    {
        "idOwner": 141,
        "name": "Barnett",
        "surname": "Marcel",
        "birthday": "12/12/2000;",
        "code": 799,
        "accomodations": [
            567
        ]
    },
    {
        "idOwner": 142,
        "name": "Dixson",
        "surname": "Gareth",
        "birthday": "3/26/1997;",
        "code": 491,
        "accomodations": [
            153,
            323,
            94,
            727,
            185
        ]
    },
    {
        "idOwner": 143,
        "name": "McTrustam",
        "surname": "Wood",
        "birthday": "1/30/1996",
        "code": 16,
        "accomodations": [
            771,
            849,
            867,
            220,
            679
        ]
    },
    {
        "idOwner": 144,
        "name": "Salack",
        "surname": "Cherri",
        "birthday": "4/30/1993;",
        "code": 217,
        "accomodations": [
            644
        ]
    },
    {
        "idOwner": 145,
        "name": "Brooksbank",
        "surname": "Steffie",
        "birthday": "4/26/1981;",
        "code": 441,
        "accomodations": [
            308,
            32
        ]
    },
    {
        "idOwner": 146,
        "name": "Pattinson",
        "surname": "Matteo",
        "birthday": "6/9/2001;",
        "code": 276,
        "accomodations": [
            951,
            471,
            41,
            493
        ]
    },
    {
        "idOwner": 147,
        "name": "Birnie",
        "surname": "Morena",
        "birthday": "6/15/1978;",
        "code": 776,
        "accomodations": [
            932,
            252
        ]
    },
    {
        "idOwner": 148,
        "name": "Klain",
        "surname": "Judah",
        "birthday": "7/14/1988;",
        "code": 968,
        "accomodations": [
            115,
            182,
            563,
            792,
            253
        ]
    },
    {
        "idOwner": 149,
        "name": "Emett",
        "surname": "Daffie",
        "birthday": "7/6/1987;",
        "code": 914,
        "accomodations": [
            43,
            34,
            473
        ]
    },
    {
        "idOwner": 150,
        "name": "Cardenas",
        "surname": "Witty",
        "birthday": "6/5/1997;",
        "code": 154,
        "accomodations": [
            443,
            636,
            391
        ]
    },
    {
        "idOwner": 151,
        "name": "Arlt",
        "surname": "Kipp",
        "birthday": "4/13/1990;",
        "code": 139,
        "accomodations": [
            62,
            492,
            963,
            874
        ]
    },
    {
        "idOwner": 152,
        "name": "Sherrott",
        "surname": "Rhianon",
        "birthday": "9/19/1996;",
        "code": 132,
        "accomodations": [
            846,
            248,
            315
        ]
    },
    {
        "idOwner": 153,
        "name": "Billingsly",
        "surname": "Sallyanne",
        "birthday": "1/28/1979;",
        "code": 825,
        "accomodations": [
            99,
            183
        ]
    },
    {
        "idOwner": 154,
        "name": "Downing",
        "surname": "Trevor",
        "birthday": "1/4/1982",
        "code": 197,
        "accomodations": [
            425,
            22
        ]
    },
    {
        "idOwner": 155,
        "name": "Gorsse",
        "surname": "Teador",
        "birthday": "2/18/1970;",
        "code": 508,
        "accomodations": [
            36,
            446,
            146,
            145,
            345
        ]
    },
    {
        "idOwner": 156,
        "name": "Layson",
        "surname": "Reuben",
        "birthday": "2/8/1993;",
        "code": 768,
        "accomodations": [
            780
        ]
    },
    {
        "idOwner": 157,
        "name": "Monelli",
        "surname": "Traver",
        "birthday": "3/24/1984;",
        "code": 183,
        "accomodations": [
            642,
            60
        ]
    },
    {
        "idOwner": 158,
        "name": "Hansill",
        "surname": "Jeremie",
        "birthday": "6/11/1978;",
        "code": 652,
        "accomodations": [
            717,
            983
        ]
    },
    {
        "idOwner": 159,
        "name": "Hickisson",
        "surname": "Rosalia",
        "birthday": "2/15/1985;",
        "code": 949,
        "accomodations": [
            241
        ]
    },
    {
        "idOwner": 160,
        "name": "Davids",
        "surname": "Helsa",
        "birthday": "8/10/1983;",
        "code": 673,
        "accomodations": [
            639,
            254
        ]
    },
    {
        "idOwner": 161,
        "name": "Beedom",
        "surname": "Giselbert",
        "birthday": "8/21/1997",
        "code": 198,
        "accomodations": [
            222,
            777,
            699,
            509,
            635
        ]
    },
    {
        "idOwner": 162,
        "name": "Simenel",
        "surname": "Thornton",
        "birthday": "7/6/1990;",
        "code": 78,
        "accomodations": [
            801,
            19,
            926
        ]
    },
    {
        "idOwner": 163,
        "name": "Fishly",
        "surname": "Dorthy",
        "birthday": "7/20/1984;",
        "code": 785,
        "accomodations": [
            637,
            536
        ]
    },
    {
        "idOwner": 164,
        "name": "Winser",
        "surname": "Reinhard",
        "birthday": "3/20/1979;",
        "code": 39,
        "accomodations": [
            802,
            529
        ]
    },
    {
        "idOwner": 165,
        "name": "Worner",
        "surname": "Brig",
        "birthday": "10/9/1999;",
        "code": 334,
        "accomodations": [
            428
        ]
    },
    {
        "idOwner": 166,
        "name": "Harler",
        "surname": "Sheila-kathryn",
        "birthday": "6/24/1998;",
        "code": 432,
        "accomodations": [
            582,
            663
        ]
    },
    {
        "idOwner": 167,
        "name": "Ferbrache",
        "surname": "Leonelle",
        "birthday": "4/8/1987",
        "code": 216,
        "accomodations": [
            988,
            168,
            605,
            297,
            741
        ]
    },
    {
        "idOwner": 168,
        "name": "Wilmot",
        "surname": "Jesus",
        "birthday": "8/23/1983;",
        "code": 397,
        "accomodations": [
            964
        ]
    },
    {
        "idOwner": 169,
        "name": "Hundy",
        "surname": "Ellsworth",
        "birthday": "4/7/1987;",
        "code": 890,
        "accomodations": [
            107,
            669,
            321,
            349,
            778
        ]
    },
    {
        "idOwner": 170,
        "name": "Fareweather",
        "surname": "Jillene",
        "birthday": "10/15/1994;",
        "code": 173,
        "accomodations": [
            947,
            810,
            265,
            357
        ]
    },
    {
        "idOwner": 171,
        "name": "Vasyukov",
        "surname": "Kimberli",
        "birthday": "8/13/1990;",
        "code": 963,
        "accomodations": [
            843
        ]
    },
    {
        "idOwner": 172,
        "name": "Verriour",
        "surname": "Goddard",
        "birthday": "7/16/1995;",
        "code": 20,
        "accomodations": [
            950,
            991
        ]
    },
    {
        "idOwner": 173,
        "name": "Freire",
        "surname": "Van",
        "birthday": "11/25/1972;",
        "code": 625,
        "accomodations": [
            434,
            119,
            738
        ]
    },
    {
        "idOwner": 174,
        "name": "Simioni",
        "surname": "Bonnibelle",
        "birthday": "5/20/1989;",
        "code": 376,
        "accomodations": [
            900,
            380
        ]
    },
    {
        "idOwner": 175,
        "name": "Whitehurst",
        "surname": "Garwood",
        "birthday": "6/4/1999",
        "code": 264,
        "accomodations": [
            581,
            304,
            525,
            50,
            245
        ]
    },
    {
        "idOwner": 176,
        "name": "Judgkins",
        "surname": "Rebekah",
        "birthday": "6/3/1998;",
        "code": 299,
        "accomodations": [
            199,
            328,
            698,
            317
        ]
    },
    {
        "idOwner": 177,
        "name": "Guillot",
        "surname": "Eleen",
        "birthday": "2/19/1975;",
        "code": 438,
        "accomodations": [
            925,
            587,
            379,
            593
        ]
    },
    {
        "idOwner": 178,
        "name": "Pentony",
        "surname": "Meryl",
        "birthday": "10/21/1984;",
        "code": 816,
        "accomodations": [
            267,
            668,
            656,
            839,
            388
        ]
    },
    {
        "idOwner": 179,
        "name": "Rumbelow",
        "surname": "Samson",
        "birthday": "7/6/1986;",
        "code": 362,
        "accomodations": [
            931,
            348,
            472,
            477,
            589
        ]
    },
    {
        "idOwner": 180,
        "name": "O'Scanlon",
        "surname": "Easter",
        "birthday": "7/29/1975;",
        "code": 283,
        "accomodations": [
            980,
            505
        ]
    },
    {
        "idOwner": 181,
        "name": "D'Antuoni",
        "surname": "Konstance",
        "birthday": "2/27/1985",
        "code": 295,
        "accomodations": [
            261
        ]
    },
    {
        "idOwner": 182,
        "name": "Dukesbury",
        "surname": "Anica",
        "birthday": "6/20/1994;",
        "code": 669,
        "accomodations": [
            776,
            31,
            751,
            232
        ]
    },
    {
        "idOwner": 183,
        "name": "Brewitt",
        "surname": "Flss",
        "birthday": "11/7/1980;",
        "code": 357,
        "accomodations": [
            952,
            238
        ]
    },
    {
        "idOwner": 184,
        "name": "Basterfield",
        "surname": "Lou",
        "birthday": "11/10/1993;",
        "code": 277,
        "accomodations": [
            845,
            177,
            296,
            993,
            715
        ]
    },
    {
        "idOwner": 185,
        "name": "Burry",
        "surname": "Ethelda",
        "birthday": "4/20/1992;",
        "code": 268,
        "accomodations": [
            585,
            423
        ]
    },
    {
        "idOwner": 186,
        "name": "Gelardi",
        "surname": "Arley",
        "birthday": "5/5/1988",
        "code": 304,
        "accomodations": [
            643
        ]
    },
    {
        "idOwner": 187,
        "name": "Emsley",
        "surname": "Penelope",
        "birthday": "5/23/1995;",
        "code": 519,
        "accomodations": [
            827,
            711
        ]
    },
    {
        "idOwner": 188,
        "name": "Gaukrodge",
        "surname": "Ibbie",
        "birthday": "11/29/1992;",
        "code": 263,
        "accomodations": [
            272,
            684,
            617
        ]
    },
    {
        "idOwner": 189,
        "name": "Lantuffe",
        "surname": "Noble",
        "birthday": "10/1/1994",
        "code": 906,
        "accomodations": [
            82
        ]
    },
    {
        "idOwner": 190,
        "name": "Dallosso",
        "surname": "Skippie",
        "birthday": "7/31/1989",
        "code": 294,
        "accomodations": [
            571,
            89
        ]
    },
    {
        "idOwner": 191,
        "name": "Saltern",
        "surname": "Teriann",
        "birthday": "4/28/2000",
        "code": 307,
        "accomodations": [
            869,
            837,
            172,
            544,
            362
        ]
    },
    {
        "idOwner": 192,
        "name": "Capper",
        "surname": "Whitney",
        "birthday": "6/5/1989;",
        "code": 193,
        "accomodations": [
            100,
            67
        ]
    },
    {
        "idOwner": 193,
        "name": "Metheringham",
        "surname": "Marge",
        "birthday": "6/7/1993;",
        "code": 702,
        "accomodations": [
            762,
            186,
            941
        ]
    },
    {
        "idOwner": 194,
        "name": "Goldup",
        "surname": "Linn",
        "birthday": "7/24/1994;",
        "code": 333,
        "accomodations": [
            739,
            374,
            564,
            207,
            521
        ]
    },
    {
        "idOwner": 195,
        "name": "Sheahan",
        "surname": "Merle",
        "birthday": "9/10/1971;",
        "code": 186,
        "accomodations": [
            496,
            25,
            149,
            167,
            817
        ]
    },
    {
        "idOwner": 196,
        "name": "Engley",
        "surname": "Amity",
        "birthday": "2/5/1985;",
        "code": 419,
        "accomodations": [
            17,
            550,
            39,
            540
        ]
    },
    {
        "idOwner": 197,
        "name": "Whitnall",
        "surname": "Huey",
        "birthday": "12/20/1983;",
        "code": 287,
        "accomodations": [
            787
        ]
    },
    {
        "idOwner": 198,
        "name": "Harsum",
        "surname": "Urbanus",
        "birthday": "4/28/1989",
        "code": 309,
        "accomodations": [
            206,
            386,
            192,
            687,
            5
        ]
    },
    {
        "idOwner": 199,
        "name": "Hartle",
        "surname": "Cathrin",
        "birthday": "10/6/1985;",
        "code": 751,
        "accomodations": [
            757,
            108,
            442,
            618
        ]
    },
    {
        "idOwner": 200,
        "name": "Wrathmell",
        "surname": "Emmalynn",
        "birthday": "9/12/1983;",
        "code": 688,
        "accomodations": [
            421
        ]
    },
    {
        "idOwner": 201,
        "name": "Shearsby",
        "surname": "Cory",
        "birthday": "12/20/2000;",
        "code": 253,
        "accomodations": [
            370,
            569,
            353
        ]
    },
    {
        "idOwner": 202,
        "name": "Newcombe",
        "surname": "Angelina",
        "birthday": "11/20/1971;",
        "code": 326,
        "accomodations": [
            884
        ]
    },
    {
        "idOwner": 203,
        "name": "Grumbridge",
        "surname": "Heath",
        "birthday": "3/17/1996;",
        "code": 374,
        "accomodations": [
            819
        ]
    },
    {
        "idOwner": 204,
        "name": "Reede",
        "surname": "Clotilda",
        "birthday": "7/9/1993",
        "code": 321,
        "accomodations": [
            891
        ]
    },
    {
        "idOwner": 205,
        "name": "Trippack",
        "surname": "Perry",
        "birthday": "6/20/1985;",
        "code": 542,
        "accomodations": [
            113
        ]
    },
    {
        "idOwner": 206,
        "name": "Clemendot",
        "surname": "Maritsa",
        "birthday": "8/15/1976;",
        "code": 440,
        "accomodations": [
            798,
            831,
            671,
            528,
            879
        ]
    },
    {
        "idOwner": 207,
        "name": "Skydall",
        "surname": "Drusilla",
        "birthday": "7/8/1993;",
        "code": 943,
        "accomodations": [
            833
        ]
    },
    {
        "idOwner": 208,
        "name": "Celloni",
        "surname": "Hyacinthie",
        "birthday": "7/5/1979;",
        "code": 850,
        "accomodations": [
            566
        ]
    },
    {
        "idOwner": 209,
        "name": "Oldaker",
        "surname": "Cirstoforo",
        "birthday": "8/13/1978;",
        "code": 861,
        "accomodations": [
            246
        ]
    },
    {
        "idOwner": 210,
        "name": "Friedman",
        "surname": "Jaymie",
        "birthday": "1/24/1988",
        "code": 329,
        "accomodations": [
            6,
            513,
            305
        ]
    },
    {
        "idOwner": 211,
        "name": "Passe",
        "surname": "Joanie",
        "birthday": "10/21/1979;",
        "code": 377,
        "accomodations": [
            240
        ]
    },
    {
        "idOwner": 212,
        "name": "Rutherford",
        "surname": "Gillie",
        "birthday": "2/6/1987;",
        "code": 534,
        "accomodations": [
            848
        ]
    },
    {
        "idOwner": 213,
        "name": "Valance",
        "surname": "Jennie",
        "birthday": "1/7/1993",
        "code": 341,
        "accomodations": [
            858,
            813,
            756,
            397,
            772
        ]
    },
    {
        "idOwner": 214,
        "name": "Headings",
        "surname": "Arnold",
        "birthday": "1/25/1997;",
        "code": 934,
        "accomodations": [
            599
        ]
    },
    {
        "idOwner": 215,
        "name": "Joire",
        "surname": "Johannah",
        "birthday": "12/28/1988;",
        "code": 520,
        "accomodations": [
            134,
            763,
            836
        ]
    },
    {
        "idOwner": 216,
        "name": "Twist",
        "surname": "Zachery",
        "birthday": "6/10/1992;",
        "code": 842,
        "accomodations": [
            508,
            855,
            769,
            467
        ]
    },
    {
        "idOwner": 217,
        "name": "Brimelow",
        "surname": "Thane",
        "birthday": "6/16/1994;",
        "code": 800,
        "accomodations": [
            928,
            70
        ]
    },
    {
        "idOwner": 218,
        "name": "Tack",
        "surname": "Gerta",
        "birthday": "5/1/1970;",
        "code": 557,
        "accomodations": [
            645,
            49,
            422,
            628
        ]
    },
    {
        "idOwner": 219,
        "name": "Alvarado",
        "surname": "Lilian",
        "birthday": "2/15/1977;",
        "code": 372,
        "accomodations": [
            702,
            247,
            575,
            462,
            982
        ]
    },
    {
        "idOwner": 220,
        "name": "Gigg",
        "surname": "Ravid",
        "birthday": "4/30/1999;",
        "code": 961,
        "accomodations": [
            165,
            260,
            948
        ]
    },
    {
        "idOwner": 221,
        "name": "Hellwig",
        "surname": "Lenora",
        "birthday": "7/5/1970",
        "code": 353,
        "accomodations": [
            464
        ]
    },
    {
        "idOwner": 222,
        "name": "Purvess",
        "surname": "Emilie",
        "birthday": "9/5/1995;",
        "code": 901,
        "accomodations": [
            469,
            460,
            181,
            413
        ]
    },
    {
        "idOwner": 223,
        "name": "Cregin",
        "surname": "Carolan",
        "birthday": "2/16/1997;",
        "code": 908,
        "accomodations": [
            226,
            871
        ]
    },
    {
        "idOwner": 224,
        "name": "Gilhooly",
        "surname": "Dasha",
        "birthday": "4/6/1989;",
        "code": 456,
        "accomodations": [
            259,
            48
        ]
    },
    {
        "idOwner": 225,
        "name": "Hatcher",
        "surname": "Anett",
        "birthday": "6/27/1996;",
        "code": 912,
        "accomodations": [
            313,
            651
        ]
    },
    {
        "idOwner": 226,
        "name": "Clymo",
        "surname": "Granville",
        "birthday": "5/1/2001",
        "code": 358,
        "accomodations": [
            419,
            907,
            455,
            78
        ]
    },
    {
        "idOwner": 227,
        "name": "Yaldren",
        "surname": "Grange",
        "birthday": "4/13/1986;",
        "code": 459,
        "accomodations": [
            83,
            65,
            355
        ]
    },
    {
        "idOwner": 228,
        "name": "Calcott",
        "surname": "Melinde",
        "birthday": "12/25/1999;",
        "code": 477,
        "accomodations": [
            929,
            728,
            194
        ]
    },
    {
        "idOwner": 229,
        "name": "Melloy",
        "surname": "Bone",
        "birthday": "4/17/1998;",
        "code": 467,
        "accomodations": [
            11,
            816,
            968
        ]
    },
    {
        "idOwner": 230,
        "name": "Baggett",
        "surname": "Sissy",
        "birthday": "9/19/1985;",
        "code": 28,
        "accomodations": [
            196,
            860,
            152,
            404
        ]
    },
    {
        "idOwner": 231,
        "name": "Lideard",
        "surname": "Carine",
        "birthday": "10/3/1995",
        "code": 371,
        "accomodations": [
            924,
            382,
            788,
            125
        ]
    },
    {
        "idOwner": 232,
        "name": "Wilmington",
        "surname": "Melissa",
        "birthday": "7/2/1978;",
        "code": 976,
        "accomodations": [
            954
        ]
    },
    {
        "idOwner": 233,
        "name": "Clarey",
        "surname": "Anallise",
        "birthday": "4/17/1989",
        "code": 386,
        "accomodations": [
            164,
            393,
            90
        ]
    },
    {
        "idOwner": 234,
        "name": "Byk",
        "surname": "Florrie",
        "birthday": "5/13/1986;",
        "code": 410,
        "accomodations": [
            128
        ]
    },
    {
        "idOwner": 235,
        "name": "Bednell",
        "surname": "Cecile",
        "birthday": "6/23/1999;",
        "code": 913,
        "accomodations": [
            444,
            452
        ]
    },
    {
        "idOwner": 236,
        "name": "Swire",
        "surname": "Nataline",
        "birthday": "1/27/1998;",
        "code": 701,
        "accomodations": [
            53
        ]
    },
    {
        "idOwner": 237,
        "name": "Purvey",
        "surname": "Burg",
        "birthday": "10/7/1994;",
        "code": 466,
        "accomodations": [
            914,
            877
        ]
    },
    {
        "idOwner": 238,
        "name": "Vittle",
        "surname": "Rockie",
        "birthday": "7/2/1978;",
        "code": 50,
        "accomodations": [
            361
        ]
    },
    {
        "idOwner": 239,
        "name": "Hedingham",
        "surname": "Bel",
        "birthday": "4/23/1996",
        "code": 399,
        "accomodations": [
            228,
            546,
            214
        ]
    },
    {
        "idOwner": 240,
        "name": "Pedler",
        "surname": "Duff",
        "birthday": "6/16/1989",
        "code": 412,
        "accomodations": [
            641,
            478
        ]
    },
    {
        "idOwner": 241,
        "name": "Haken",
        "surname": "Dollie",
        "birthday": "9/11/1999;",
        "code": 537,
        "accomodations": [
            337
        ]
    },
    {
        "idOwner": 242,
        "name": "Pudan",
        "surname": "Lula",
        "birthday": "11/8/1994;",
        "code": 846,
        "accomodations": [
            632,
            30,
            360,
            696
        ]
    },
    {
        "idOwner": 243,
        "name": "Marrable",
        "surname": "Teriann",
        "birthday": "8/16/1991;",
        "code": 655,
        "accomodations": [
            783,
            14,
            28,
            363,
            578
        ]
    },
    {
        "idOwner": 244,
        "name": "Jentin",
        "surname": "Jori",
        "birthday": "9/14/1990",
        "code": 428,
        "accomodations": [
            336
        ]
    },
    {
        "idOwner": 245,
        "name": "Maltby",
        "surname": "Thaxter",
        "birthday": "5/25/1987;",
        "code": 470,
        "accomodations": [
            779,
            537,
            174,
            984,
            412
        ]
    },
    {
        "idOwner": 246,
        "name": "Yoseloff",
        "surname": "Kristian",
        "birthday": "4/23/1974;",
        "code": 271,
        "accomodations": [
            126,
            131,
            294,
            930
        ]
    },
    {
        "idOwner": 247,
        "name": "Powton",
        "surname": "Oswell",
        "birthday": "2/24/1973;",
        "code": 682,
        "accomodations": [
            320,
            401,
            368
        ]
    },
    {
        "idOwner": 248,
        "name": "Pettingall",
        "surname": "Hillary",
        "birthday": "9/27/1976;",
        "code": 509,
        "accomodations": [
            806,
            352,
            586
        ]
    },
    {
        "idOwner": 249,
        "name": "Eason",
        "surname": "Dilly",
        "birthday": "8/10/1980;",
        "code": 396,
        "accomodations": [
            708
        ]
    },
    {
        "idOwner": 250,
        "name": "Roe",
        "surname": "Corny",
        "birthday": "7/19/1996;",
        "code": 618,
        "accomodations": [
            987,
            729,
            291,
            367,
            384
        ]
    },
    {
        "idOwner": 251,
        "name": "Perllman",
        "surname": "Enos",
        "birthday": "11/10/1990;",
        "code": 138,
        "accomodations": [
            314,
            601,
            516,
            781,
            659
        ]
    },
    {
        "idOwner": 252,
        "name": "McGowan",
        "surname": "Dory",
        "birthday": "5/26/1975;",
        "code": 127,
        "accomodations": [
            749,
            408,
            913,
            15,
            212
        ]
    },
    {
        "idOwner": 253,
        "name": "Beckinsall",
        "surname": "Hyacinthe",
        "birthday": "12/17/1982",
        "code": 463,
        "accomodations": [
            562
        ]
    },
    {
        "idOwner": 254,
        "name": "Hansford",
        "surname": "Torie",
        "birthday": "2/21/2000;",
        "code": 778,
        "accomodations": [
            61,
            808,
            392
        ]
    },
    {
        "idOwner": 255,
        "name": "Phair",
        "surname": "Vin",
        "birthday": "4/26/2001",
        "code": 478,
        "accomodations": [
            372,
            219,
            740,
            774
        ]
    },
    {
        "idOwner": 256,
        "name": "Guiducci",
        "surname": "Stesha",
        "birthday": "11/18/1991;",
        "code": 699,
        "accomodations": [
            712
        ]
    },
    {
        "idOwner": 257,
        "name": "Leftwich",
        "surname": "Lester",
        "birthday": "4/14/1971;",
        "code": 70,
        "accomodations": [
            713
        ]
    },
    {
        "idOwner": 258,
        "name": "Lamblot",
        "surname": "Esma",
        "birthday": "10/26/1976;",
        "code": 82,
        "accomodations": [
            672,
            112,
            823,
            850,
            803
        ]
    },
    {
        "idOwner": 259,
        "name": "Manketell",
        "surname": "Verine",
        "birthday": "7/23/1987;",
        "code": 942,
        "accomodations": [
            224,
            415,
            405,
            244,
            908
        ]
    },
    {
        "idOwner": 260,
        "name": "Gepheart",
        "surname": "Jillana",
        "birthday": "10/6/1986",
        "code": 489,
        "accomodations": [
            675,
            747
        ]
    },
    {
        "idOwner": 261,
        "name": "Cherryman",
        "surname": "Guthrie",
        "birthday": "5/5/1980",
        "code": 530,
        "accomodations": [
            114,
            723,
            193
        ]
    },
    {
        "idOwner": 262,
        "name": "Stothard",
        "surname": "Bryon",
        "birthday": "12/7/1991;",
        "code": 13,
        "accomodations": [
            390,
            33,
            912
        ]
    },
    {
        "idOwner": 263,
        "name": "Blazewski",
        "surname": "Darcy",
        "birthday": "2/21/2000;",
        "code": 338,
        "accomodations": [
            169,
            251,
            163
        ]
    },
    {
        "idOwner": 264,
        "name": "Amsberger",
        "surname": "Silvana",
        "birthday": "9/10/1977",
        "code": 540,
        "accomodations": [
            721
        ]
    },
    {
        "idOwner": 265,
        "name": "Bartholomaus",
        "surname": "Lilllie",
        "birthday": "5/3/2000;",
        "code": 770,
        "accomodations": [
            489
        ]
    },
    {
        "idOwner": 266,
        "name": "Pherps",
        "surname": "Tracee",
        "birthday": "10/29/2001;",
        "code": 380,
        "accomodations": [
            138
        ]
    },
    {
        "idOwner": 267,
        "name": "Chatin",
        "surname": "Inez",
        "birthday": "5/15/1976;",
        "code": 819,
        "accomodations": [
            266,
            257,
            325
        ]
    },
    {
        "idOwner": 268,
        "name": "Lunck",
        "surname": "Ronnie",
        "birthday": "11/22/1975;",
        "code": 510,
        "accomodations": [
            922,
            191,
            965,
            319,
            670
        ]
    },
    {
        "idOwner": 269,
        "name": "Tideswell",
        "surname": "Ky",
        "birthday": "8/28/1993",
        "code": 569,
        "accomodations": [
            613,
            494,
            533
        ]
    },
    {
        "idOwner": 270,
        "name": "Bock",
        "surname": "Tomaso",
        "birthday": "10/4/1976;",
        "code": 896,
        "accomodations": [
            468,
            870,
            835,
            919
        ]
    },
    {
        "idOwner": 271,
        "name": "Chantree",
        "surname": "Cirilo",
        "birthday": "8/10/1981",
        "code": 586,
        "accomodations": [
            631,
            557,
            829
        ]
    },
    {
        "idOwner": 272,
        "name": "MacIlriach",
        "surname": "Carny",
        "birthday": "4/26/1981;",
        "code": 1000,
        "accomodations": [
            830,
            331,
            595,
            215
        ]
    },
    {
        "idOwner": 273,
        "name": "Cranstone",
        "surname": "Grover",
        "birthday": "12/16/1995;",
        "code": 58,
        "accomodations": [
            814,
            770,
            882,
            143
        ]
    },
    {
        "idOwner": 274,
        "name": "Naisby",
        "surname": "Parnell",
        "birthday": "5/21/1995;",
        "code": 262,
        "accomodations": [
            630,
            996,
            551,
            527,
            20
        ]
    },
    {
        "idOwner": 275,
        "name": "de Guise",
        "surname": "Scottie",
        "birthday": "11/17/1977;",
        "code": 84,
        "accomodations": [
            726,
            278,
            615
        ]
    },
    {
        "idOwner": 276,
        "name": "Ferneley",
        "surname": "Libby",
        "birthday": "9/6/1996",
        "code": 598,
        "accomodations": [
            744,
            977,
            465,
            290
        ]
    },
    {
        "idOwner": 277,
        "name": "Daughtry",
        "surname": "Lynn",
        "birthday": "5/4/1998;",
        "code": 818,
        "accomodations": [
            851,
            716
        ]
    },
    {
        "idOwner": 278,
        "name": "Lawford",
        "surname": "Inglebert",
        "birthday": "10/19/1987;",
        "code": 945,
        "accomodations": [
            431,
            667,
            258,
            383
        ]
    },
    {
        "idOwner": 279,
        "name": "Guirau",
        "surname": "Byrle",
        "birthday": "2/3/1985;",
        "code": 117,
        "accomodations": [
            710,
            745,
            399
        ]
    },
    {
        "idOwner": 280,
        "name": "Tern",
        "surname": "Torrin",
        "birthday": "5/18/1993;",
        "code": 801,
        "accomodations": [
            690,
            318,
            441,
            594
        ]
    },
    {
        "idOwner": 281,
        "name": "Tsar",
        "surname": "Gard",
        "birthday": "12/9/1973;",
        "code": 38,
        "accomodations": [
            682,
            447,
            407,
            218
        ]
    },
    {
        "idOwner": 282,
        "name": "Lots",
        "surname": "Aldo",
        "birthday": "8/16/1987;",
        "code": 741,
        "accomodations": [
            910,
            854,
            805,
            484,
            535
        ]
    },
    {
        "idOwner": 283,
        "name": "Peche",
        "surname": "Edik",
        "birthday": "7/15/1993;",
        "code": 336,
        "accomodations": [
            450,
            75,
            453,
            673,
            235
        ]
    },
    {
        "idOwner": 284,
        "name": "Rousell",
        "surname": "Ferguson",
        "birthday": "9/16/1995;",
        "code": 81,
        "accomodations": [
            793,
            755
        ]
    },
    {
        "idOwner": 285,
        "name": "Emma",
        "surname": "Reyna",
        "birthday": "11/18/1987;",
        "code": 424,
        "accomodations": [
            899,
            826,
            862,
            56,
            188
        ]
    },
    {
        "idOwner": 286,
        "name": "Spilisy",
        "surname": "Sandor",
        "birthday": "4/22/1987;",
        "code": 87,
        "accomodations": [
            432,
            139,
            122,
            842
        ]
    },
    {
        "idOwner": 287,
        "name": "Saterthwait",
        "surname": "Pollyanna",
        "birthday": "9/24/1980",
        "code": 606,
        "accomodations": [
            887,
            482
        ]
    },
    {
        "idOwner": 288,
        "name": "Rabb",
        "surname": "Waverley",
        "birthday": "9/10/1994;",
        "code": 147,
        "accomodations": [
            142,
            905,
            832,
            166,
            971
        ]
    },
    {
        "idOwner": 289,
        "name": "Rainy",
        "surname": "Betta",
        "birthday": "8/13/1993;",
        "code": 86,
        "accomodations": [
            608,
            197,
            526,
            881
        ]
    },
    {
        "idOwner": 290,
        "name": "Fereday",
        "surname": "Graham",
        "birthday": "6/23/1970",
        "code": 611,
        "accomodations": [
            706
        ]
    },
    {
        "idOwner": 291,
        "name": "MacRorie",
        "surname": "Gregoor",
        "birthday": "2/26/2000;",
        "code": 967,
        "accomodations": [
            178,
            579,
            95,
            676,
            117
        ]
    },
    {
        "idOwner": 292,
        "name": "Jeannet",
        "surname": "Urbanus",
        "birthday": "8/21/2001;",
        "code": 728,
        "accomodations": [
            603,
            681,
            583,
            785
        ]
    },
    {
        "idOwner": 293,
        "name": "Cottesford",
        "surname": "Cassandre",
        "birthday": "5/13/1994;",
        "code": 476,
        "accomodations": [
            173
        ]
    },
    {
        "idOwner": 294,
        "name": "De Vries",
        "surname": "Jerrome",
        "birthday": "10/15/1979;",
        "code": 222,
        "accomodations": [
            307,
            483,
            463
        ]
    },
    {
        "idOwner": 295,
        "name": "Chartre",
        "surname": "Ginger",
        "birthday": "8/6/1989;",
        "code": 727,
        "accomodations": [
            27
        ]
    },
    {
        "idOwner": 296,
        "name": "Yurchishin",
        "surname": "Gusta",
        "birthday": "8/12/1981;",
        "code": 835,
        "accomodations": [
            216,
            137
        ]
    },
    {
        "idOwner": 297,
        "name": "Perrycost",
        "surname": "Bridget",
        "birthday": "5/2/1982;",
        "code": 77,
        "accomodations": [
            852,
            92,
            600
        ]
    },
    {
        "idOwner": 298,
        "name": "Owbrick",
        "surname": "Marylou",
        "birthday": "3/8/1978",
        "code": 617,
        "accomodations": [
            301
        ]
    },
    {
        "idOwner": 299,
        "name": "Brownsell",
        "surname": "Clarisse",
        "birthday": "1/30/1977;",
        "code": 2,
        "accomodations": [
            201,
            159,
            116,
            334,
            730
        ]
    },
    {
        "idOwner": 300,
        "name": "Gwilt",
        "surname": "Nap",
        "birthday": "4/23/1975;",
        "code": 700,
        "accomodations": [
            44,
            542,
            298,
            773
        ]
    },
    {
        "idOwner": 301,
        "name": "Seamon",
        "surname": "Kelwin",
        "birthday": "2/23/1985;",
        "code": 480,
        "accomodations": [
            497,
            175,
            158
        ]
    },
    {
        "idOwner": 302,
        "name": "Bearne",
        "surname": "Stafford",
        "birthday": "6/17/1987;",
        "code": 736,
        "accomodations": [
            501,
            445,
            515,
            451,
            555
        ]
    },
    {
        "idOwner": 303,
        "name": "Weatherill",
        "surname": "Nita",
        "birthday": "12/12/1995;",
        "code": 319,
        "accomodations": [
            531,
            939,
            927,
            479
        ]
    },
    {
        "idOwner": 304,
        "name": "Escalera",
        "surname": "Justen",
        "birthday": "7/22/1973;",
        "code": 753,
        "accomodations": [
            205,
            180,
            597,
            694,
            940
        ]
    },
    {
        "idOwner": 305,
        "name": "Sugden",
        "surname": "Kippie",
        "birthday": "6/30/1994;",
        "code": 795,
        "accomodations": [
            184,
            4
        ]
    },
    {
        "idOwner": 306,
        "name": "Ricards",
        "surname": "Byrle",
        "birthday": "6/21/1987",
        "code": 656,
        "accomodations": [
            568,
            47,
            66
        ]
    },
    {
        "idOwner": 307,
        "name": "Ballendine",
        "surname": "Aloise",
        "birthday": "1/18/1973",
        "code": 642,
        "accomodations": [
            886,
            981,
            691
        ]
    },
    {
        "idOwner": 308,
        "name": "Arnauduc",
        "surname": "Elisabeth",
        "birthday": "4/21/1983;",
        "code": 213,
        "accomodations": [
            933,
            87,
            18
        ]
    },
    {
        "idOwner": 309,
        "name": "Tolotti",
        "surname": "Vickie",
        "birthday": "1/24/1985;",
        "code": 453,
        "accomodations": [
            330,
            764,
            898
        ]
    },
    {
        "idOwner": 310,
        "name": "Pandey",
        "surname": "Marshall",
        "birthday": "8/20/1987;",
        "code": 748,
        "accomodations": [
            203,
            742,
            8,
            16
        ]
    },
    {
        "idOwner": 311,
        "name": "Johl",
        "surname": "Legra",
        "birthday": "7/29/1983;",
        "code": 128,
        "accomodations": [
            825,
            485,
            273,
            289,
            519
        ]
    },
    {
        "idOwner": 312,
        "name": "MacCosty",
        "surname": "Yul",
        "birthday": "8/28/1977;",
        "code": 406,
        "accomodations": [
            341,
            395,
            398,
            720,
            765
        ]
    },
    {
        "idOwner": 313,
        "name": "Alldre",
        "surname": "Sim",
        "birthday": "10/30/1984",
        "code": 692,
        "accomodations": [
            768,
            402
        ]
    },
    {
        "idOwner": 314,
        "name": "Leafe",
        "surname": "Jaquenetta",
        "birthday": "3/24/1982",
        "code": 704,
        "accomodations": [
            375,
            969,
            84,
            961,
            202
        ]
    },
    {
        "idOwner": 315,
        "name": "Balaisot",
        "surname": "Brita",
        "birthday": "10/18/1997",
        "code": 719,
        "accomodations": [
            558,
            701,
            280
        ]
    },
    {
        "idOwner": 316,
        "name": "Paolacci",
        "surname": "Alys",
        "birthday": "8/20/1986;",
        "code": 402,
        "accomodations": [
            865,
            459
        ]
    },
    {
        "idOwner": 317,
        "name": "Ferriby",
        "surname": "Brenn",
        "birthday": "5/25/1996;",
        "code": 120,
        "accomodations": [
            662,
            574,
            791,
            51
        ]
    },
    {
        "idOwner": 318,
        "name": "Longford",
        "surname": "Arny",
        "birthday": "6/1/1990;",
        "code": 449,
        "accomodations": [
            79,
            992,
            523
        ]
    },
    {
        "idOwner": 319,
        "name": "Cottier",
        "surname": "Dalenna",
        "birthday": "9/6/2001;",
        "code": 745,
        "accomodations": [
            436,
            418,
            123
        ]
    },
    {
        "idOwner": 320,
        "name": "Gentile",
        "surname": "Lucine",
        "birthday": "5/2/1990;",
        "code": 583,
        "accomodations": [
            351,
            435,
            647,
            534
        ]
    },
    {
        "idOwner": 321,
        "name": "Hryncewicz",
        "surname": "Isidoro",
        "birthday": "6/26/1971;",
        "code": 395,
        "accomodations": [
            693,
            416
        ]
    },
    {
        "idOwner": 322,
        "name": "Lowre",
        "surname": "Lee",
        "birthday": "7/8/1986;",
        "code": 708,
        "accomodations": [
            795
        ]
    },
    {
        "idOwner": 323,
        "name": "Cocci",
        "surname": "Cassius",
        "birthday": "2/1/1996;",
        "code": 14,
        "accomodations": [
            37,
            962,
            973
        ]
    },
    {
        "idOwner": 324,
        "name": "Rogge",
        "surname": "Efren",
        "birthday": "7/24/1974;",
        "code": 932,
        "accomodations": [
            281,
            366,
            731
        ]
    },
    {
        "idOwner": 325,
        "name": "Basindale",
        "surname": "Audrye",
        "birthday": "3/4/1979",
        "code": 724,
        "accomodations": [
            449,
            312,
            746
        ]
    },
    {
        "idOwner": 326,
        "name": "Sammars",
        "surname": "Paola",
        "birthday": "11/1/1990;",
        "code": 690,
        "accomodations": [
            885
        ]
    },
    {
        "idOwner": 327,
        "name": "Fairpo",
        "surname": "Alvie",
        "birthday": "10/19/1973;",
        "code": 831,
        "accomodations": [
            111,
            343,
            350,
            269,
            920
        ]
    },
    {
        "idOwner": 328,
        "name": "Pennigar",
        "surname": "Belia",
        "birthday": "8/21/1985;",
        "code": 668,
        "accomodations": [
            916,
            722,
            704,
            604,
            69
        ]
    },
    {
        "idOwner": 329,
        "name": "Snufflebottom",
        "surname": "Melina",
        "birthday": "6/3/1974;",
        "code": 564,
        "accomodations": [
            179,
            995,
            1,
            217
        ]
    },
    {
        "idOwner": 330,
        "name": "Hickeringill",
        "surname": "Melicent",
        "birthday": "10/21/1983;",
        "code": 172,
        "accomodations": [
            703
        ]
    },
    {
        "idOwner": 331,
        "name": "de Clerc",
        "surname": "Erda",
        "birthday": "8/19/1991;",
        "code": 469,
        "accomodations": [
            640,
            208,
            821,
            554,
            799
        ]
    },
    {
        "idOwner": 332,
        "name": "Ovanesian",
        "surname": "Latashia",
        "birthday": "11/17/1983;",
        "code": 691,
        "accomodations": [
            863,
            200,
            622
        ]
    },
    {
        "idOwner": 333,
        "name": "Dobney",
        "surname": "Guglielmo",
        "birthday": "9/18/1997;",
        "code": 474,
        "accomodations": []
    },
    {
        "idOwner": 334,
        "name": "Viscovi",
        "surname": "Lorry",
        "birthday": "12/19/1988",
        "code": 752,
        "accomodations": []
    },
    {
        "idOwner": 335,
        "name": "Ivermee",
        "surname": "Cathleen",
        "birthday": "11/5/1999;",
        "code": 425,
        "accomodations": []
    },
    {
        "idOwner": 336,
        "name": "Novello",
        "surname": "Zach",
        "birthday": "8/9/1988;",
        "code": 106,
        "accomodations": []
    },
    {
        "idOwner": 337,
        "name": "Grissett",
        "surname": "Oralee",
        "birthday": "1/27/1970",
        "code": 773,
        "accomodations": []
    },
    {
        "idOwner": 338,
        "name": "Acott",
        "surname": "Nadia",
        "birthday": "6/18/1999",
        "code": 797,
        "accomodations": []
    },
    {
        "idOwner": 339,
        "name": "Towl",
        "surname": "Blondell",
        "birthday": "2/18/1980;",
        "code": 829,
        "accomodations": []
    },
    {
        "idOwner": 340,
        "name": "Marrow",
        "surname": "Valida",
        "birthday": "12/24/1990",
        "code": 845,
        "accomodations": []
    }
]}