[
    {
        "idTransaction": 1,
        "idAccomodation": 2,
        "idEA": 8,
        "idOwner": 94,
        "idClient": 162,
        "price": 40300
    },
    {
        "idTransaction": 2,
        "idAccomodation": 4,
        "idEA": 6,
        "idOwner": 305,
        "idClient": 58,
        "price": 53100
    },
    {
        "idTransaction": 3,
        "idAccomodation": 9,
        "idEA": 3,
        "idOwner": 59,
        "idClient": 410,
        "price": 14100
    },
    {
        "idTransaction": 4,
        "idAccomodation": 11,
        "idEA": 1,
        "idOwner": 229,
        "idClient": 275,
        "price": 38700
    },
    {
        "idTransaction": 5,
        "idAccomodation": 12,
        "idEA": 3,
        "idOwner": 51,
        "idClient": 341,
        "price": 89400
    },
    {
        "idTransaction": 6,
        "idAccomodation": 14,
        "idEA": 6,
        "idOwner": 243,
        "idClient": 520,
        "price": 95300
    },
    {
        "idTransaction": 7,
        "idAccomodation": 15,
        "idEA": 5,
        "idOwner": 252,
        "idClient": 34,
        "price": 34000
    },
    {
        "idTransaction": 8,
        "idAccomodation": 16,
        "idEA": 9,
        "idOwner": 310,
        "idClient": 604,
        "price": 23500
    },
    {
        "idTransaction": 9,
        "idAccomodation": 17,
        "idEA": 6,
        "idOwner": 196,
        "idClient": 518,
        "price": 59300
    },
    {
        "idTransaction": 10,
        "idAccomodation": 19,
        "idEA": 4,
        "idOwner": 162,
        "idClient": 113,
        "price": 87700
    },
    {
        "idTransaction": 11,
        "idAccomodation": 22,
        "idEA": 4,
        "idOwner": 154,
        "idClient": 41,
        "price": 71300
    },
    {
        "idTransaction": 12,
        "idAccomodation": 27,
        "idEA": 8,
        "idOwner": 295,
        "idClient": 492,
        "price": 6400
    },
    {
        "idTransaction": 13,
        "idAccomodation": 28,
        "idEA": 3,
        "idOwner": 243,
        "idClient": 239,
        "price": 1400
    },
    {
        "idTransaction": 14,
        "idAccomodation": 29,
        "idEA": 4,
        "idOwner": 117,
        "idClient": 558,
        "price": 64500
    },
    {
        "idTransaction": 15,
        "idAccomodation": 34,
        "idEA": 9,
        "idOwner": 149,
        "idClient": 224,
        "price": 79700
    },
    {
        "idTransaction": 16,
        "idAccomodation": 37,
        "idEA": 1,
        "idOwner": 323,
        "idClient": 423,
        "price": 61200
    },
    {
        "idTransaction": 17,
        "idAccomodation": 38,
        "idEA": 3,
        "idOwner": 11,
        "idClient": 439,
        "price": 22100
    },
    {
        "idTransaction": 18,
        "idAccomodation": 39,
        "idEA": 4,
        "idOwner": 196,
        "idClient": 639,
        "price": 66800
    },
    {
        "idTransaction": 19,
        "idAccomodation": 40,
        "idEA": 10,
        "idOwner": 71,
        "idClient": 156,
        "price": 73900
    },
    {
        "idTransaction": 20,
        "idAccomodation": 42,
        "idEA": 5,
        "idOwner": 112,
        "idClient": 93,
        "price": 17300
    },
    {
        "idTransaction": 21,
        "idAccomodation": 44,
        "idEA": 5,
        "idOwner": 300,
        "idClient": 35,
        "price": 38600
    },
    {
        "idTransaction": 22,
        "idAccomodation": 45,
        "idEA": 6,
        "idOwner": 45,
        "idClient": 584,
        "price": 86000
    },
    {
        "idTransaction": 23,
        "idAccomodation": 47,
        "idEA": 7,
        "idOwner": 306,
        "idClient": 228,
        "price": 61900
    },
    {
        "idTransaction": 24,
        "idAccomodation": 54,
        "idEA": 1,
        "idOwner": 67,
        "idClient": 183,
        "price": 46600
    },
    {
        "idTransaction": 25,
        "idAccomodation": 56,
        "idEA": 8,
        "idOwner": 285,
        "idClient": 466,
        "price": 19300
    },
    {
        "idTransaction": 26,
        "idAccomodation": 59,
        "idEA": 3,
        "idOwner": 128,
        "idClient": 221,
        "price": 17500
    },
    {
        "idTransaction": 27,
        "idAccomodation": 60,
        "idEA": 7,
        "idOwner": 157,
        "idClient": 438,
        "price": 19600
    },
    {
        "idTransaction": 28,
        "idAccomodation": 62,
        "idEA": 3,
        "idOwner": 151,
        "idClient": 476,
        "price": 59800
    },
    {
        "idTransaction": 29,
        "idAccomodation": 63,
        "idEA": 5,
        "idOwner": 104,
        "idClient": 390,
        "price": 45800
    },
    {
        "idTransaction": 30,
        "idAccomodation": 64,
        "idEA": 4,
        "idOwner": 78,
        "idClient": 371,
        "price": 56800
    },
    {
        "idTransaction": 31,
        "idAccomodation": 65,
        "idEA": 1,
        "idOwner": 227,
        "idClient": 64,
        "price": 23000
    },
    {
        "idTransaction": 32,
        "idAccomodation": 70,
        "idEA": 2,
        "idOwner": 217,
        "idClient": 374,
        "price": 29500
    },
    {
        "idTransaction": 33,
        "idAccomodation": 72,
        "idEA": 6,
        "idOwner": 107,
        "idClient": 270,
        "price": 40200
    },
    {
        "idTransaction": 34,
        "idAccomodation": 74,
        "idEA": 7,
        "idOwner": 20,
        "idClient": 241,
        "price": 10100
    },
    {
        "idTransaction": 35,
        "idAccomodation": 75,
        "idEA": 2,
        "idOwner": 283,
        "idClient": 646,
        "price": 56400
    },
    {
        "idTransaction": 36,
        "idAccomodation": 76,
        "idEA": 1,
        "idOwner": 114,
        "idClient": 580,
        "price": 12400
    },
    {
        "idTransaction": 37,
        "idAccomodation": 77,
        "idEA": 6,
        "idOwner": 35,
        "idClient": 238,
        "price": 58100
    },
    {
        "idTransaction": 38,
        "idAccomodation": 78,
        "idEA": 2,
        "idOwner": 226,
        "idClient": 25,
        "price": 8300
    },
    {
        "idTransaction": 39,
        "idAccomodation": 80,
        "idEA": 6,
        "idOwner": 36,
        "idClient": 313,
        "price": 76100
    },
    {
        "idTransaction": 40,
        "idAccomodation": 81,
        "idEA": 6,
        "idOwner": 103,
        "idClient": 128,
        "price": 72800
    },
    {
        "idTransaction": 41,
        "idAccomodation": 83,
        "idEA": 4,
        "idOwner": 227,
        "idClient": 486,
        "price": 4500
    },
    {
        "idTransaction": 42,
        "idAccomodation": 85,
        "idEA": 7,
        "idOwner": 139,
        "idClient": 276,
        "price": 22900
    },
    {
        "idTransaction": 43,
        "idAccomodation": 86,
        "idEA": 9,
        "idOwner": 136,
        "idClient": 461,
        "price": 99500
    },
    {
        "idTransaction": 44,
        "idAccomodation": 87,
        "idEA": 4,
        "idOwner": 308,
        "idClient": 356,
        "price": 8400
    },
    {
        "idTransaction": 45,
        "idAccomodation": 88,
        "idEA": 1,
        "idOwner": 119,
        "idClient": 117,
        "price": 60400
    },
    {
        "idTransaction": 46,
        "idAccomodation": 89,
        "idEA": 7,
        "idOwner": 190,
        "idClient": 73,
        "price": 87900
    },
    {
        "idTransaction": 47,
        "idAccomodation": 91,
        "idEA": 9,
        "idOwner": 4,
        "idClient": 586,
        "price": 51000
    },
    {
        "idTransaction": 48,
        "idAccomodation": 92,
        "idEA": 5,
        "idOwner": 297,
        "idClient": 607,
        "price": 58200
    },
    {
        "idTransaction": 49,
        "idAccomodation": 94,
        "idEA": 2,
        "idOwner": 142,
        "idClient": 578,
        "price": 95600
    },
    {
        "idTransaction": 50,
        "idAccomodation": 99,
        "idEA": 6,
        "idOwner": 153,
        "idClient": 244,
        "price": 21100
    },
    {
        "idTransaction": 51,
        "idAccomodation": 101,
        "idEA": 9,
        "idOwner": 51,
        "idClient": 550,
        "price": 18500
    },
    {
        "idTransaction": 52,
        "idAccomodation": 102,
        "idEA": 9,
        "idOwner": 131,
        "idClient": 377,
        "price": 44400
    },
    {
        "idTransaction": 53,
        "idAccomodation": 103,
        "idEA": 6,
        "idOwner": 139,
        "idClient": 59,
        "price": 91600
    },
    {
        "idTransaction": 54,
        "idAccomodation": 104,
        "idEA": 1,
        "idOwner": 64,
        "idClient": 266,
        "price": 40600
    },
    {
        "idTransaction": 55,
        "idAccomodation": 105,
        "idEA": 7,
        "idOwner": 31,
        "idClient": 474,
        "price": 62400
    },
    {
        "idTransaction": 56,
        "idAccomodation": 109,
        "idEA": 2,
        "idOwner": 32,
        "idClient": 271,
        "price": 50600
    },
    {
        "idTransaction": 57,
        "idAccomodation": 113,
        "idEA": 2,
        "idOwner": 205,
        "idClient": 496,
        "price": 66500
    },
    {
        "idTransaction": 58,
        "idAccomodation": 114,
        "idEA": 9,
        "idOwner": 261,
        "idClient": 495,
        "price": 52400
    },
    {
        "idTransaction": 59,
        "idAccomodation": 115,
        "idEA": 4,
        "idOwner": 148,
        "idClient": 205,
        "price": 30200
    },
    {
        "idTransaction": 60,
        "idAccomodation": 117,
        "idEA": 5,
        "idOwner": 291,
        "idClient": 471,
        "price": 7300
    },
    {
        "idTransaction": 61,
        "idAccomodation": 118,
        "idEA": 8,
        "idOwner": 122,
        "idClient": 394,
        "price": 70200
    },
    {
        "idTransaction": 62,
        "idAccomodation": 119,
        "idEA": 6,
        "idOwner": 173,
        "idClient": 42,
        "price": 73300
    },
    {
        "idTransaction": 63,
        "idAccomodation": 120,
        "idEA": 4,
        "idOwner": 26,
        "idClient": 190,
        "price": 20400
    },
    {
        "idTransaction": 64,
        "idAccomodation": 123,
        "idEA": 5,
        "idOwner": 319,
        "idClient": 283,
        "price": 25300
    },
    {
        "idTransaction": 65,
        "idAccomodation": 129,
        "idEA": 3,
        "idOwner": 121,
        "idClient": 57,
        "price": 91400
    },
    {
        "idTransaction": 66,
        "idAccomodation": 131,
        "idEA": 5,
        "idOwner": 246,
        "idClient": 142,
        "price": 800
    },
    {
        "idTransaction": 67,
        "idAccomodation": 133,
        "idEA": 7,
        "idOwner": 85,
        "idClient": 335,
        "price": 36200
    },
    {
        "idTransaction": 68,
        "idAccomodation": 135,
        "idEA": 2,
        "idOwner": 100,
        "idClient": 452,
        "price": 49500
    },
    {
        "idTransaction": 69,
        "idAccomodation": 136,
        "idEA": 7,
        "idOwner": 113,
        "idClient": 137,
        "price": 8000
    },
    {
        "idTransaction": 70,
        "idAccomodation": 137,
        "idEA": 6,
        "idOwner": 296,
        "idClient": 456,
        "price": 95000
    },
    {
        "idTransaction": 71,
        "idAccomodation": 140,
        "idEA": 3,
        "idOwner": 21,
        "idClient": 324,
        "price": 97800
    },
    {
        "idTransaction": 72,
        "idAccomodation": 141,
        "idEA": 4,
        "idOwner": 117,
        "idClient": 449,
        "price": 24000
    },
    {
        "idTransaction": 73,
        "idAccomodation": 145,
        "idEA": 8,
        "idOwner": 155,
        "idClient": 278,
        "price": 31300
    },
    {
        "idTransaction": 74,
        "idAccomodation": 148,
        "idEA": 8,
        "idOwner": 139,
        "idClient": 143,
        "price": 1700
    },
    {
        "idTransaction": 75,
        "idAccomodation": 150,
        "idEA": 9,
        "idOwner": 98,
        "idClient": 527,
        "price": 26000
    },
    {
        "idTransaction": 76,
        "idAccomodation": 151,
        "idEA": 3,
        "idOwner": 129,
        "idClient": 543,
        "price": 82900
    },
    {
        "idTransaction": 77,
        "idAccomodation": 154,
        "idEA": 9,
        "idOwner": 8,
        "idClient": 516,
        "price": 98500
    },
    {
        "idTransaction": 78,
        "idAccomodation": 155,
        "idEA": 9,
        "idOwner": 70,
        "idClient": 10,
        "price": 59400
    },
    {
        "idTransaction": 79,
        "idAccomodation": 157,
        "idEA": 9,
        "idOwner": 28,
        "idClient": 333,
        "price": 99500
    },
    {
        "idTransaction": 80,
        "idAccomodation": 161,
        "idEA": 10,
        "idOwner": 71,
        "idClient": 505,
        "price": 79700
    },
    {
        "idTransaction": 81,
        "idAccomodation": 162,
        "idEA": 8,
        "idOwner": 46,
        "idClient": 131,
        "price": 40700
    },
    {
        "idTransaction": 82,
        "idAccomodation": 163,
        "idEA": 5,
        "idOwner": 263,
        "idClient": 644,
        "price": 15900
    },
    {
        "idTransaction": 83,
        "idAccomodation": 166,
        "idEA": 10,
        "idOwner": 288,
        "idClient": 497,
        "price": 13600
    },
    {
        "idTransaction": 84,
        "idAccomodation": 167,
        "idEA": 9,
        "idOwner": 195,
        "idClient": 331,
        "price": 65500
    },
    {
        "idTransaction": 85,
        "idAccomodation": 170,
        "idEA": 7,
        "idOwner": 40,
        "idClient": 632,
        "price": 47200
    },
    {
        "idTransaction": 86,
        "idAccomodation": 171,
        "idEA": 10,
        "idOwner": 35,
        "idClient": 503,
        "price": 61700
    },
    {
        "idTransaction": 87,
        "idAccomodation": 175,
        "idEA": 10,
        "idOwner": 301,
        "idClient": 55,
        "price": 10800
    },
    {
        "idTransaction": 88,
        "idAccomodation": 177,
        "idEA": 2,
        "idOwner": 184,
        "idClient": 48,
        "price": 94600
    },
    {
        "idTransaction": 89,
        "idAccomodation": 178,
        "idEA": 6,
        "idOwner": 291,
        "idClient": 284,
        "price": 9000
    },
    {
        "idTransaction": 90,
        "idAccomodation": 179,
        "idEA": 5,
        "idOwner": 329,
        "idClient": 3,
        "price": 47100
    },
    {
        "idTransaction": 91,
        "idAccomodation": 180,
        "idEA": 1,
        "idOwner": 304,
        "idClient": 549,
        "price": 94700
    },
    {
        "idTransaction": 92,
        "idAccomodation": 181,
        "idEA": 6,
        "idOwner": 222,
        "idClient": 146,
        "price": 1300
    },
    {
        "idTransaction": 93,
        "idAccomodation": 188,
        "idEA": 4,
        "idOwner": 285,
        "idClient": 132,
        "price": 73700
    },
    {
        "idTransaction": 94,
        "idAccomodation": 191,
        "idEA": 1,
        "idOwner": 268,
        "idClient": 479,
        "price": 53000
    },
    {
        "idTransaction": 95,
        "idAccomodation": 192,
        "idEA": 4,
        "idOwner": 198,
        "idClient": 605,
        "price": 85800
    },
    {
        "idTransaction": 96,
        "idAccomodation": 193,
        "idEA": 1,
        "idOwner": 261,
        "idClient": 150,
        "price": 15500
    },
    {
        "idTransaction": 97,
        "idAccomodation": 196,
        "idEA": 10,
        "idOwner": 230,
        "idClient": 17,
        "price": 31100
    },
    {
        "idTransaction": 98,
        "idAccomodation": 197,
        "idEA": 10,
        "idOwner": 289,
        "idClient": 494,
        "price": 14500
    },
    {
        "idTransaction": 99,
        "idAccomodation": 198,
        "idEA": 8,
        "idOwner": 16,
        "idClient": 591,
        "price": 31900
    },
    {
        "idTransaction": 100,
        "idAccomodation": 202,
        "idEA": 6,
        "idOwner": 314,
        "idClient": 195,
        "price": 53000
    },
    {
        "idTransaction": 101,
        "idAccomodation": 204,
        "idEA": 7,
        "idOwner": 82,
        "idClient": 294,
        "price": 5000
    },
    {
        "idTransaction": 102,
        "idAccomodation": 211,
        "idEA": 5,
        "idOwner": 37,
        "idClient": 416,
        "price": 72700
    },
    {
        "idTransaction": 103,
        "idAccomodation": 213,
        "idEA": 6,
        "idOwner": 42,
        "idClient": 330,
        "price": 57100
    },
    {
        "idTransaction": 104,
        "idAccomodation": 217,
        "idEA": 3,
        "idOwner": 329,
        "idClient": 285,
        "price": 58400
    },
    {
        "idTransaction": 105,
        "idAccomodation": 219,
        "idEA": 1,
        "idOwner": 255,
        "idClient": 593,
        "price": 83900
    },
    {
        "idTransaction": 106,
        "idAccomodation": 220,
        "idEA": 4,
        "idOwner": 143,
        "idClient": 638,
        "price": 79100
    },
    {
        "idTransaction": 107,
        "idAccomodation": 222,
        "idEA": 5,
        "idOwner": 161,
        "idClient": 222,
        "price": 8300
    },
    {
        "idTransaction": 108,
        "idAccomodation": 225,
        "idEA": 9,
        "idOwner": 77,
        "idClient": 261,
        "price": 96800
    },
    {
        "idTransaction": 109,
        "idAccomodation": 226,
        "idEA": 3,
        "idOwner": 223,
        "idClient": 169,
        "price": 76200
    },
    {
        "idTransaction": 110,
        "idAccomodation": 227,
        "idEA": 9,
        "idOwner": 80,
        "idClient": 198,
        "price": 86500
    },
    {
        "idTransaction": 111,
        "idAccomodation": 229,
        "idEA": 5,
        "idOwner": 123,
        "idClient": 242,
        "price": 20300
    },
    {
        "idTransaction": 112,
        "idAccomodation": 233,
        "idEA": 2,
        "idOwner": 135,
        "idClient": 80,
        "price": 33300
    },
    {
        "idTransaction": 113,
        "idAccomodation": 234,
        "idEA": 3,
        "idOwner": 77,
        "idClient": 574,
        "price": 58900
    },
    {
        "idTransaction": 114,
        "idAccomodation": 236,
        "idEA": 10,
        "idOwner": 107,
        "idClient": 182,
        "price": 53200
    },
    {
        "idTransaction": 115,
        "idAccomodation": 238,
        "idEA": 9,
        "idOwner": 183,
        "idClient": 472,
        "price": 24800
    },
    {
        "idTransaction": 116,
        "idAccomodation": 239,
        "idEA": 6,
        "idOwner": 52,
        "idClient": 348,
        "price": 53200
    },
    {
        "idTransaction": 117,
        "idAccomodation": 242,
        "idEA": 2,
        "idOwner": 102,
        "idClient": 611,
        "price": 57000
    },
    {
        "idTransaction": 118,
        "idAccomodation": 243,
        "idEA": 5,
        "idOwner": 40,
        "idClient": 459,
        "price": 7300
    },
    {
        "idTransaction": 119,
        "idAccomodation": 245,
        "idEA": 7,
        "idOwner": 175,
        "idClient": 396,
        "price": 48700
    },
    {
        "idTransaction": 120,
        "idAccomodation": 246,
        "idEA": 3,
        "idOwner": 209,
        "idClient": 569,
        "price": 61300
    },
    {
        "idTransaction": 121,
        "idAccomodation": 250,
        "idEA": 7,
        "idOwner": 21,
        "idClient": 163,
        "price": 40500
    },
    {
        "idTransaction": 122,
        "idAccomodation": 251,
        "idEA": 9,
        "idOwner": 263,
        "idClient": 425,
        "price": 67700
    },
    {
        "idTransaction": 123,
        "idAccomodation": 252,
        "idEA": 7,
        "idOwner": 147,
        "idClient": 401,
        "price": 84100
    },
    {
        "idTransaction": 124,
        "idAccomodation": 253,
        "idEA": 7,
        "idOwner": 148,
        "idClient": 597,
        "price": 34700
    },
    {
        "idTransaction": 125,
        "idAccomodation": 257,
        "idEA": 6,
        "idOwner": 267,
        "idClient": 351,
        "price": 20000
    },
    {
        "idTransaction": 126,
        "idAccomodation": 259,
        "idEA": 9,
        "idOwner": 224,
        "idClient": 304,
        "price": 59700
    },
    {
        "idTransaction": 127,
        "idAccomodation": 261,
        "idEA": 2,
        "idOwner": 181,
        "idClient": 382,
        "price": 800
    },
    {
        "idTransaction": 128,
        "idAccomodation": 264,
        "idEA": 4,
        "idOwner": 88,
        "idClient": 44,
        "price": 52900
    },
    {
        "idTransaction": 129,
        "idAccomodation": 267,
        "idEA": 6,
        "idOwner": 178,
        "idClient": 172,
        "price": 65100
    },
    {
        "idTransaction": 130,
        "idAccomodation": 269,
        "idEA": 10,
        "idOwner": 327,
        "idClient": 158,
        "price": 10800
    },
    {
        "idTransaction": 131,
        "idAccomodation": 270,
        "idEA": 3,
        "idOwner": 83,
        "idClient": 536,
        "price": 74500
    },
    {
        "idTransaction": 132,
        "idAccomodation": 271,
        "idEA": 4,
        "idOwner": 97,
        "idClient": 189,
        "price": 86400
    },
    {
        "idTransaction": 133,
        "idAccomodation": 272,
        "idEA": 9,
        "idOwner": 188,
        "idClient": 28,
        "price": 54800
    },
    {
        "idTransaction": 134,
        "idAccomodation": 275,
        "idEA": 3,
        "idOwner": 64,
        "idClient": 422,
        "price": 47900
    },
    {
        "idTransaction": 135,
        "idAccomodation": 279,
        "idEA": 7,
        "idOwner": 37,
        "idClient": 507,
        "price": 14500
    },
    {
        "idTransaction": 136,
        "idAccomodation": 280,
        "idEA": 4,
        "idOwner": 315,
        "idClient": 13,
        "price": 48200
    },
    {
        "idTransaction": 137,
        "idAccomodation": 281,
        "idEA": 5,
        "idOwner": 324,
        "idClient": 344,
        "price": 71700
    },
    {
        "idTransaction": 138,
        "idAccomodation": 285,
        "idEA": 1,
        "idOwner": 71,
        "idClient": 585,
        "price": 96800
    },
    {
        "idTransaction": 139,
        "idAccomodation": 288,
        "idEA": 1,
        "idOwner": 42,
        "idClient": 571,
        "price": 21300
    },
    {
        "idTransaction": 140,
        "idAccomodation": 289,
        "idEA": 4,
        "idOwner": 311,
        "idClient": 47,
        "price": 85300
    },
    {
        "idTransaction": 141,
        "idAccomodation": 290,
        "idEA": 8,
        "idOwner": 276,
        "idClient": 443,
        "price": 44200
    },
    {
        "idTransaction": 142,
        "idAccomodation": 291,
        "idEA": 2,
        "idOwner": 250,
        "idClient": 624,
        "price": 59100
    },
    {
        "idTransaction": 143,
        "idAccomodation": 293,
        "idEA": 2,
        "idOwner": 97,
        "idClient": 442,
        "price": 51700
    },
    {
        "idTransaction": 144,
        "idAccomodation": 295,
        "idEA": 4,
        "idOwner": 19,
        "idClient": 509,
        "price": 41300
    },
    {
        "idTransaction": 145,
        "idAccomodation": 300,
        "idEA": 2,
        "idOwner": 82,
        "idClient": 566,
        "price": 9400
    },
    {
        "idTransaction": 146,
        "idAccomodation": 302,
        "idEA": 1,
        "idOwner": 28,
        "idClient": 370,
        "price": 19700
    },
    {
        "idTransaction": 147,
        "idAccomodation": 303,
        "idEA": 4,
        "idOwner": 78,
        "idClient": 515,
        "price": 1900
    },
    {
        "idTransaction": 148,
        "idAccomodation": 304,
        "idEA": 7,
        "idOwner": 175,
        "idClient": 375,
        "price": 11900
    },
    {
        "idTransaction": 149,
        "idAccomodation": 307,
        "idEA": 7,
        "idOwner": 294,
        "idClient": 389,
        "price": 68900
    },
    {
        "idTransaction": 150,
        "idAccomodation": 309,
        "idEA": 7,
        "idOwner": 130,
        "idClient": 392,
        "price": 28400
    },
    {
        "idTransaction": 151,
        "idAccomodation": 313,
        "idEA": 8,
        "idOwner": 225,
        "idClient": 564,
        "price": 9300
    },
    {
        "idTransaction": 152,
        "idAccomodation": 314,
        "idEA": 3,
        "idOwner": 251,
        "idClient": 37,
        "price": 84000
    },
    {
        "idTransaction": 153,
        "idAccomodation": 316,
        "idEA": 9,
        "idOwner": 41,
        "idClient": 130,
        "price": 10500
    },
    {
        "idTransaction": 154,
        "idAccomodation": 320,
        "idEA": 8,
        "idOwner": 247,
        "idClient": 480,
        "price": 96600
    },
    {
        "idTransaction": 155,
        "idAccomodation": 322,
        "idEA": 2,
        "idOwner": 125,
        "idClient": 383,
        "price": 41900
    },
    {
        "idTransaction": 156,
        "idAccomodation": 326,
        "idEA": 3,
        "idOwner": 76,
        "idClient": 236,
        "price": 39100
    },
    {
        "idTransaction": 157,
        "idAccomodation": 333,
        "idEA": 5,
        "idOwner": 14,
        "idClient": 556,
        "price": 95800
    },
    {
        "idTransaction": 158,
        "idAccomodation": 334,
        "idEA": 2,
        "idOwner": 299,
        "idClient": 553,
        "price": 43200
    },
    {
        "idTransaction": 159,
        "idAccomodation": 336,
        "idEA": 2,
        "idOwner": 244,
        "idClient": 589,
        "price": 67200
    },
    {
        "idTransaction": 160,
        "idAccomodation": 337,
        "idEA": 6,
        "idOwner": 241,
        "idClient": 50,
        "price": 24400
    },
    {
        "idTransaction": 161,
        "idAccomodation": 342,
        "idEA": 7,
        "idOwner": 17,
        "idClient": 623,
        "price": 35900
    },
    {
        "idTransaction": 162,
        "idAccomodation": 346,
        "idEA": 3,
        "idOwner": 103,
        "idClient": 522,
        "price": 67000
    },
    {
        "idTransaction": 163,
        "idAccomodation": 348,
        "idEA": 8,
        "idOwner": 179,
        "idClient": 570,
        "price": 96300
    },
    {
        "idTransaction": 164,
        "idAccomodation": 352,
        "idEA": 4,
        "idOwner": 248,
        "idClient": 318,
        "price": 86900
    },
    {
        "idTransaction": 165,
        "idAccomodation": 353,
        "idEA": 7,
        "idOwner": 201,
        "idClient": 534,
        "price": 98700
    },
    {
        "idTransaction": 166,
        "idAccomodation": 356,
        "idEA": 1,
        "idOwner": 37,
        "idClient": 373,
        "price": 77200
    },
    {
        "idTransaction": 167,
        "idAccomodation": 357,
        "idEA": 4,
        "idOwner": 170,
        "idClient": 77,
        "price": 74200
    },
    {
        "idTransaction": 168,
        "idAccomodation": 359,
        "idEA": 3,
        "idOwner": 85,
        "idClient": 308,
        "price": 79200
    },
    {
        "idTransaction": 169,
        "idAccomodation": 360,
        "idEA": 3,
        "idOwner": 242,
        "idClient": 506,
        "price": 33700
    },
    {
        "idTransaction": 170,
        "idAccomodation": 362,
        "idEA": 7,
        "idOwner": 191,
        "idClient": 358,
        "price": 6300
    },
    {
        "idTransaction": 171,
        "idAccomodation": 365,
        "idEA": 1,
        "idOwner": 116,
        "idClient": 360,
        "price": 84100
    },
    {
        "idTransaction": 172,
        "idAccomodation": 366,
        "idEA": 1,
        "idOwner": 324,
        "idClient": 635,
        "price": 17800
    },
    {
        "idTransaction": 173,
        "idAccomodation": 368,
        "idEA": 10,
        "idOwner": 247,
        "idClient": 426,
        "price": 3600
    },
    {
        "idTransaction": 174,
        "idAccomodation": 371,
        "idEA": 5,
        "idOwner": 101,
        "idClient": 174,
        "price": 68800
    },
    {
        "idTransaction": 175,
        "idAccomodation": 375,
        "idEA": 9,
        "idOwner": 314,
        "idClient": 157,
        "price": 91800
    },
    {
        "idTransaction": 176,
        "idAccomodation": 376,
        "idEA": 8,
        "idOwner": 138,
        "idClient": 305,
        "price": 70100
    },
    {
        "idTransaction": 177,
        "idAccomodation": 378,
        "idEA": 5,
        "idOwner": 74,
        "idClient": 361,
        "price": 49700
    },
    {
        "idTransaction": 178,
        "idAccomodation": 379,
        "idEA": 7,
        "idOwner": 177,
        "idClient": 460,
        "price": 7800
    },
    {
        "idTransaction": 179,
        "idAccomodation": 380,
        "idEA": 6,
        "idOwner": 174,
        "idClient": 491,
        "price": 13000
    },
    {
        "idTransaction": 180,
        "idAccomodation": 384,
        "idEA": 3,
        "idOwner": 250,
        "idClient": 528,
        "price": 22600
    },
    {
        "idTransaction": 181,
        "idAccomodation": 385,
        "idEA": 5,
        "idOwner": 34,
        "idClient": 204,
        "price": 29000
    },
    {
        "idTransaction": 182,
        "idAccomodation": 386,
        "idEA": 10,
        "idOwner": 198,
        "idClient": 525,
        "price": 8600
    },
    {
        "idTransaction": 183,
        "idAccomodation": 389,
        "idEA": 1,
        "idOwner": 117,
        "idClient": 227,
        "price": 59200
    },
    {
        "idTransaction": 184,
        "idAccomodation": 390,
        "idEA": 8,
        "idOwner": 262,
        "idClient": 596,
        "price": 96300
    },
    {
        "idTransaction": 185,
        "idAccomodation": 393,
        "idEA": 6,
        "idOwner": 233,
        "idClient": 269,
        "price": 73400
    },
    {
        "idTransaction": 186,
        "idAccomodation": 396,
        "idEA": 6,
        "idOwner": 57,
        "idClient": 280,
        "price": 4200
    },
    {
        "idTransaction": 187,
        "idAccomodation": 397,
        "idEA": 4,
        "idOwner": 213,
        "idClient": 69,
        "price": 63000
    },
    {
        "idTransaction": 188,
        "idAccomodation": 398,
        "idEA": 10,
        "idOwner": 312,
        "idClient": 609,
        "price": 6600
    },
    {
        "idTransaction": 189,
        "idAccomodation": 404,
        "idEA": 6,
        "idOwner": 230,
        "idClient": 16,
        "price": 12600
    },
    {
        "idTransaction": 190,
        "idAccomodation": 407,
        "idEA": 4,
        "idOwner": 281,
        "idClient": 46,
        "price": 43300
    },
    {
        "idTransaction": 191,
        "idAccomodation": 409,
        "idEA": 6,
        "idOwner": 28,
        "idClient": 599,
        "price": 85300
    },
    {
        "idTransaction": 192,
        "idAccomodation": 412,
        "idEA": 4,
        "idOwner": 245,
        "idClient": 259,
        "price": 6000
    },
    {
        "idTransaction": 193,
        "idAccomodation": 416,
        "idEA": 6,
        "idOwner": 321,
        "idClient": 367,
        "price": 54300
    },
    {
        "idTransaction": 194,
        "idAccomodation": 417,
        "idEA": 3,
        "idOwner": 114,
        "idClient": 95,
        "price": 87800
    },
    {
        "idTransaction": 195,
        "idAccomodation": 422,
        "idEA": 2,
        "idOwner": 218,
        "idClient": 116,
        "price": 77100
    },
    {
        "idTransaction": 196,
        "idAccomodation": 424,
        "idEA": 6,
        "idOwner": 138,
        "idClient": 303,
        "price": 53900
    },
    {
        "idTransaction": 197,
        "idAccomodation": 426,
        "idEA": 7,
        "idOwner": 102,
        "idClient": 338,
        "price": 32400
    },
    {
        "idTransaction": 198,
        "idAccomodation": 429,
        "idEA": 9,
        "idOwner": 2,
        "idClient": 430,
        "price": 37000
    },
    {
        "idTransaction": 199,
        "idAccomodation": 430,
        "idEA": 9,
        "idOwner": 96,
        "idClient": 212,
        "price": 300
    },
    {
        "idTransaction": 200,
        "idAccomodation": 432,
        "idEA": 4,
        "idOwner": 286,
        "idClient": 485,
        "price": 35300
    },
    {
        "idTransaction": 201,
        "idAccomodation": 440,
        "idEA": 7,
        "idOwner": 13,
        "idClient": 552,
        "price": 98200
    },
    {
        "idTransaction": 202,
        "idAccomodation": 441,
        "idEA": 1,
        "idOwner": 280,
        "idClient": 125,
        "price": 95100
    },
    {
        "idTransaction": 203,
        "idAccomodation": 442,
        "idEA": 7,
        "idOwner": 199,
        "idClient": 288,
        "price": 36500
    },
    {
        "idTransaction": 204,
        "idAccomodation": 445,
        "idEA": 2,
        "idOwner": 302,
        "idClient": 364,
        "price": 90800
    },
    {
        "idTransaction": 205,
        "idAccomodation": 448,
        "idEA": 1,
        "idOwner": 117,
        "idClient": 435,
        "price": 12000
    },
    {
        "idTransaction": 206,
        "idAccomodation": 452,
        "idEA": 7,
        "idOwner": 235,
        "idClient": 160,
        "price": 18100
    },
    {
        "idTransaction": 207,
        "idAccomodation": 456,
        "idEA": 2,
        "idOwner": 22,
        "idClient": 458,
        "price": 12700
    },
    {
        "idTransaction": 208,
        "idAccomodation": 463,
        "idEA": 3,
        "idOwner": 294,
        "idClient": 120,
        "price": 4900
    },
    {
        "idTransaction": 209,
        "idAccomodation": 465,
        "idEA": 2,
        "idOwner": 276,
        "idClient": 328,
        "price": 94400
    },
    {
        "idTransaction": 210,
        "idAccomodation": 468,
        "idEA": 1,
        "idOwner": 270,
        "idClient": 296,
        "price": 89900
    },
    {
        "idTransaction": 211,
        "idAccomodation": 474,
        "idEA": 1,
        "idOwner": 114,
        "idClient": 368,
        "price": 5300
    },
    {
        "idTransaction": 212,
        "idAccomodation": 478,
        "idEA": 1,
        "idOwner": 240,
        "idClient": 342,
        "price": 51500
    },
    {
        "idTransaction": 213,
        "idAccomodation": 482,
        "idEA": 2,
        "idOwner": 287,
        "idClient": 94,
        "price": 90600
    },
    {
        "idTransaction": 214,
        "idAccomodation": 483,
        "idEA": 1,
        "idOwner": 294,
        "idClient": 451,
        "price": 96600
    },
    {
        "idTransaction": 215,
        "idAccomodation": 489,
        "idEA": 8,
        "idOwner": 265,
        "idClient": 101,
        "price": 94000
    },
    {
        "idTransaction": 216,
        "idAccomodation": 492,
        "idEA": 7,
        "idOwner": 151,
        "idClient": 618,
        "price": 67800
    },
    {
        "idTransaction": 217,
        "idAccomodation": 497,
        "idEA": 4,
        "idOwner": 301,
        "idClient": 253,
        "price": 46800
    },
    {
        "idTransaction": 218,
        "idAccomodation": 499,
        "idEA": 2,
        "idOwner": 45,
        "idClient": 277,
        "price": 500
    },
    {
        "idTransaction": 219,
        "idAccomodation": 503,
        "idEA": 6,
        "idOwner": 66,
        "idClient": 428,
        "price": 94200
    },
    {
        "idTransaction": 220,
        "idAccomodation": 504,
        "idEA": 7,
        "idOwner": 53,
        "idClient": 445,
        "price": 66500
    },
    {
        "idTransaction": 221,
        "idAccomodation": 505,
        "idEA": 2,
        "idOwner": 180,
        "idClient": 274,
        "price": 58000
    },
    {
        "idTransaction": 222,
        "idAccomodation": 506,
        "idEA": 3,
        "idOwner": 115,
        "idClient": 138,
        "price": 21100
    },
    {
        "idTransaction": 223,
        "idAccomodation": 508,
        "idEA": 2,
        "idOwner": 216,
        "idClient": 49,
        "price": 95900
    },
    {
        "idTransaction": 224,
        "idAccomodation": 510,
        "idEA": 3,
        "idOwner": 13,
        "idClient": 399,
        "price": 77100
    },
    {
        "idTransaction": 225,
        "idAccomodation": 516,
        "idEA": 6,
        "idOwner": 251,
        "idClient": 159,
        "price": 52600
    },
    {
        "idTransaction": 226,
        "idAccomodation": 518,
        "idEA": 3,
        "idOwner": 121,
        "idClient": 340,
        "price": 52300
    },
    {
        "idTransaction": 227,
        "idAccomodation": 520,
        "idEA": 4,
        "idOwner": 49,
        "idClient": 196,
        "price": 34600
    },
    {
        "idTransaction": 228,
        "idAccomodation": 521,
        "idEA": 7,
        "idOwner": 194,
        "idClient": 267,
        "price": 3800
    },
    {
        "idTransaction": 229,
        "idAccomodation": 523,
        "idEA": 3,
        "idOwner": 318,
        "idClient": 648,
        "price": 92800
    },
    {
        "idTransaction": 230,
        "idAccomodation": 527,
        "idEA": 9,
        "idOwner": 274,
        "idClient": 235,
        "price": 63200
    },
    {
        "idTransaction": 231,
        "idAccomodation": 532,
        "idEA": 2,
        "idOwner": 85,
        "idClient": 282,
        "price": 30900
    },
    {
        "idTransaction": 232,
        "idAccomodation": 535,
        "idEA": 7,
        "idOwner": 282,
        "idClient": 541,
        "price": 78300
    },
    {
        "idTransaction": 233,
        "idAccomodation": 536,
        "idEA": 6,
        "idOwner": 163,
        "idClient": 429,
        "price": 82200
    },
    {
        "idTransaction": 234,
        "idAccomodation": 542,
        "idEA": 1,
        "idOwner": 300,
        "idClient": 19,
        "price": 36600
    },
    {
        "idTransaction": 235,
        "idAccomodation": 545,
        "idEA": 4,
        "idOwner": 127,
        "idClient": 67,
        "price": 60000
    },
    {
        "idTransaction": 236,
        "idAccomodation": 548,
        "idEA": 6,
        "idOwner": 60,
        "idClient": 202,
        "price": 37800
    },
    {
        "idTransaction": 237,
        "idAccomodation": 549,
        "idEA": 10,
        "idOwner": 1,
        "idClient": 643,
        "price": 96700
    },
    {
        "idTransaction": 238,
        "idAccomodation": 556,
        "idEA": 5,
        "idOwner": 61,
        "idClient": 454,
        "price": 3800
    },
    {
        "idTransaction": 239,
        "idAccomodation": 558,
        "idEA": 10,
        "idOwner": 315,
        "idClient": 366,
        "price": 30900
    },
    {
        "idTransaction": 240,
        "idAccomodation": 564,
        "idEA": 1,
        "idOwner": 194,
        "idClient": 325,
        "price": 54800
    },
    {
        "idTransaction": 241,
        "idAccomodation": 574,
        "idEA": 6,
        "idOwner": 317,
        "idClient": 39,
        "price": 61700
    },
    {
        "idTransaction": 242,
        "idAccomodation": 575,
        "idEA": 5,
        "idOwner": 219,
        "idClient": 226,
        "price": 41900
    },
    {
        "idTransaction": 243,
        "idAccomodation": 582,
        "idEA": 9,
        "idOwner": 166,
        "idClient": 123,
        "price": 49300
    },
    {
        "idTransaction": 244,
        "idAccomodation": 584,
        "idEA": 4,
        "idOwner": 1,
        "idClient": 217,
        "price": 82400
    },
    {
        "idTransaction": 245,
        "idAccomodation": 587,
        "idEA": 1,
        "idOwner": 177,
        "idClient": 264,
        "price": 89000
    },
    {
        "idTransaction": 246,
        "idAccomodation": 589,
        "idEA": 7,
        "idOwner": 179,
        "idClient": 272,
        "price": 84100
    },
    {
        "idTransaction": 247,
        "idAccomodation": 591,
        "idEA": 8,
        "idOwner": 130,
        "idClient": 513,
        "price": 45400
    },
    {
        "idTransaction": 248,
        "idAccomodation": 597,
        "idEA": 6,
        "idOwner": 304,
        "idClient": 121,
        "price": 85900
    },
    {
        "idTransaction": 249,
        "idAccomodation": 601,
        "idEA": 9,
        "idOwner": 251,
        "idClient": 315,
        "price": 90800
    },
    {
        "idTransaction": 250,
        "idAccomodation": 615,
        "idEA": 10,
        "idOwner": 275,
        "idClient": 260,
        "price": 7200
    },
    {
        "idTransaction": 251,
        "idAccomodation": 624,
        "idEA": 6,
        "idOwner": 91,
        "idClient": 537,
        "price": 89500
    },
    {
        "idTransaction": 252,
        "idAccomodation": 625,
        "idEA": 4,
        "idOwner": 29,
        "idClient": 89,
        "price": 18800
    },
    {
        "idTransaction": 253,
        "idAccomodation": 631,
        "idEA": 5,
        "idOwner": 271,
        "idClient": 413,
        "price": 25200
    },
    {
        "idTransaction": 254,
        "idAccomodation": 637,
        "idEA": 6,
        "idOwner": 163,
        "idClient": 634,
        "price": 81800
    },
    {
        "idTransaction": 255,
        "idAccomodation": 638,
        "idEA": 7,
        "idOwner": 23,
        "idClient": 185,
        "price": 44000
    },
    {
        "idTransaction": 256,
        "idAccomodation": 641,
        "idEA": 10,
        "idOwner": 240,
        "idClient": 403,
        "price": 73600
    },
    {
        "idTransaction": 257,
        "idAccomodation": 643,
        "idEA": 8,
        "idOwner": 186,
        "idClient": 630,
        "price": 26900
    },
    {
        "idTransaction": 258,
        "idAccomodation": 644,
        "idEA": 7,
        "idOwner": 144,
        "idClient": 563,
        "price": 61800
    },
    {
        "idTransaction": 259,
        "idAccomodation": 645,
        "idEA": 6,
        "idOwner": 218,
        "idClient": 311,
        "price": 70800
    },
    {
        "idTransaction": 260,
        "idAccomodation": 647,
        "idEA": 2,
        "idOwner": 320,
        "idClient": 484,
        "price": 82900
    },
    {
        "idTransaction": 261,
        "idAccomodation": 648,
        "idEA": 3,
        "idOwner": 70,
        "idClient": 397,
        "price": 84600
    },
    {
        "idTransaction": 262,
        "idAccomodation": 656,
        "idEA": 2,
        "idOwner": 178,
        "idClient": 615,
        "price": 29500
    },
    {
        "idTransaction": 263,
        "idAccomodation": 657,
        "idEA": 2,
        "idOwner": 135,
        "idClient": 81,
        "price": 90900
    },
    {
        "idTransaction": 264,
        "idAccomodation": 679,
        "idEA": 5,
        "idOwner": 143,
        "idClient": 31,
        "price": 33500
    },
    {
        "idTransaction": 265,
        "idAccomodation": 683,
        "idEA": 4,
        "idOwner": 8,
        "idClient": 173,
        "price": 42100
    },
    {
        "idTransaction": 266,
        "idAccomodation": 691,
        "idEA": 8,
        "idOwner": 307,
        "idClient": 300,
        "price": 69400
    },
    {
        "idTransaction": 267,
        "idAccomodation": 694,
        "idEA": 4,
        "idOwner": 304,
        "idClient": 126,
        "price": 300
    },
    {
        "idTransaction": 268,
        "idAccomodation": 704,
        "idEA": 9,
        "idOwner": 328,
        "idClient": 181,
        "price": 37000
    },
    {
        "idTransaction": 269,
        "idAccomodation": 706,
        "idEA": 10,
        "idOwner": 290,
        "idClient": 418,
        "price": 54200
    },
    {
        "idTransaction": 270,
        "idAccomodation": 709,
        "idEA": 9,
        "idOwner": 41,
        "idClient": 133,
        "price": 97800
    },
    {
        "idTransaction": 271,
        "idAccomodation": 716,
        "idEA": 8,
        "idOwner": 277,
        "idClient": 502,
        "price": 60700
    },
    {
        "idTransaction": 272,
        "idAccomodation": 717,
        "idEA": 10,
        "idOwner": 158,
        "idClient": 310,
        "price": 41000
    },
    {
        "idTransaction": 273,
        "idAccomodation": 718,
        "idEA": 3,
        "idOwner": 75,
        "idClient": 213,
        "price": 37400
    },
    {
        "idTransaction": 274,
        "idAccomodation": 720,
        "idEA": 4,
        "idOwner": 312,
        "idClient": 97,
        "price": 24500
    },
    {
        "idTransaction": 275,
        "idAccomodation": 722,
        "idEA": 10,
        "idOwner": 328,
        "idClient": 22,
        "price": 75900
    },
    {
        "idTransaction": 276,
        "idAccomodation": 732,
        "idEA": 9,
        "idOwner": 110,
        "idClient": 645,
        "price": 18900
    },
    {
        "idTransaction": 277,
        "idAccomodation": 739,
        "idEA": 10,
        "idOwner": 194,
        "idClient": 557,
        "price": 98100
    },
    {
        "idTransaction": 278,
        "idAccomodation": 744,
        "idEA": 9,
        "idOwner": 276,
        "idClient": 14,
        "price": 400
    },
    {
        "idTransaction": 279,
        "idAccomodation": 745,
        "idEA": 2,
        "idOwner": 279,
        "idClient": 179,
        "price": 42300
    },
    {
        "idTransaction": 280,
        "idAccomodation": 752,
        "idEA": 5,
        "idOwner": 119,
        "idClient": 20,
        "price": 9900
    },
    {
        "idTransaction": 281,
        "idAccomodation": 756,
        "idEA": 7,
        "idOwner": 213,
        "idClient": 402,
        "price": 7900
    },
    {
        "idTransaction": 282,
        "idAccomodation": 758,
        "idEA": 3,
        "idOwner": 83,
        "idClient": 109,
        "price": 91300
    },
    {
        "idTransaction": 283,
        "idAccomodation": 759,
        "idEA": 8,
        "idOwner": 51,
        "idClient": 168,
        "price": 18200
    },
    {
        "idTransaction": 284,
        "idAccomodation": 760,
        "idEA": 7,
        "idOwner": 9,
        "idClient": 164,
        "price": 18600
    },
    {
        "idTransaction": 285,
        "idAccomodation": 761,
        "idEA": 3,
        "idOwner": 9,
        "idClient": 440,
        "price": 35800
    },
    {
        "idTransaction": 286,
        "idAccomodation": 766,
        "idEA": 7,
        "idOwner": 59,
        "idClient": 446,
        "price": 36000
    },
    {
        "idTransaction": 287,
        "idAccomodation": 767,
        "idEA": 9,
        "idOwner": 16,
        "idClient": 539,
        "price": 11300
    },
    {
        "idTransaction": 288,
        "idAccomodation": 768,
        "idEA": 1,
        "idOwner": 313,
        "idClient": 268,
        "price": 15100
    },
    {
        "idTransaction": 289,
        "idAccomodation": 771,
        "idEA": 7,
        "idOwner": 143,
        "idClient": 551,
        "price": 88400
    },
    {
        "idTransaction": 290,
        "idAccomodation": 782,
        "idEA": 9,
        "idOwner": 135,
        "idClient": 339,
        "price": 16200
    },
    {
        "idTransaction": 291,
        "idAccomodation": 788,
        "idEA": 4,
        "idOwner": 231,
        "idClient": 29,
        "price": 19900
    },
    {
        "idTransaction": 292,
        "idAccomodation": 798,
        "idEA": 3,
        "idOwner": 206,
        "idClient": 15,
        "price": 35500
    },
    {
        "idTransaction": 293,
        "idAccomodation": 800,
        "idEA": 1,
        "idOwner": 32,
        "idClient": 56,
        "price": 24500
    },
    {
        "idTransaction": 294,
        "idAccomodation": 804,
        "idEA": 6,
        "idOwner": 134,
        "idClient": 409,
        "price": 34500
    },
    {
        "idTransaction": 295,
        "idAccomodation": 813,
        "idEA": 2,
        "idOwner": 213,
        "idClient": 229,
        "price": 89300
    },
    {
        "idTransaction": 296,
        "idAccomodation": 818,
        "idEA": 7,
        "idOwner": 97,
        "idClient": 535,
        "price": 79600
    },
    {
        "idTransaction": 297,
        "idAccomodation": 819,
        "idEA": 10,
        "idOwner": 203,
        "idClient": 565,
        "price": 61300
    },
    {
        "idTransaction": 298,
        "idAccomodation": 820,
        "idEA": 5,
        "idOwner": 101,
        "idClient": 194,
        "price": 97300
    },
    {
        "idTransaction": 299,
        "idAccomodation": 828,
        "idEA": 3,
        "idOwner": 122,
        "idClient": 178,
        "price": 52800
    },
    {
        "idTransaction": 300,
        "idAccomodation": 832,
        "idEA": 10,
        "idOwner": 288,
        "idClient": 199,
        "price": 90700
    },
    {
        "idTransaction": 301,
        "idAccomodation": 838,
        "idEA": 7,
        "idOwner": 73,
        "idClient": 488,
        "price": 81900
    },
    {
        "idTransaction": 302,
        "idAccomodation": 847,
        "idEA": 1,
        "idOwner": 102,
        "idClient": 38,
        "price": 33200
    },
    {
        "idTransaction": 303,
        "idAccomodation": 852,
        "idEA": 9,
        "idOwner": 297,
        "idClient": 436,
        "price": 65800
    },
    {
        "idTransaction": 304,
        "idAccomodation": 855,
        "idEA": 6,
        "idOwner": 216,
        "idClient": 640,
        "price": 19100
    },
    {
        "idTransaction": 305,
        "idAccomodation": 858,
        "idEA": 8,
        "idOwner": 213,
        "idClient": 98,
        "price": 67800
    },
    {
        "idTransaction": 306,
        "idAccomodation": 866,
        "idEA": 2,
        "idOwner": 136,
        "idClient": 421,
        "price": 7600
    },
    {
        "idTransaction": 307,
        "idAccomodation": 870,
        "idEA": 5,
        "idOwner": 270,
        "idClient": 519,
        "price": 18000
    },
    {
        "idTransaction": 308,
        "idAccomodation": 875,
        "idEA": 5,
        "idOwner": 13,
        "idClient": 469,
        "price": 14000
    },
    {
        "idTransaction": 309,
        "idAccomodation": 876,
        "idEA": 7,
        "idOwner": 98,
        "idClient": 504,
        "price": 59700
    },
    {
        "idTransaction": 310,
        "idAccomodation": 877,
        "idEA": 2,
        "idOwner": 237,
        "idClient": 573,
        "price": 11300
    },
    {
        "idTransaction": 311,
        "idAccomodation": 883,
        "idEA": 7,
        "idOwner": 37,
        "idClient": 463,
        "price": 38600
    },
    {
        "idTransaction": 312,
        "idAccomodation": 885,
        "idEA": 6,
        "idOwner": 326,
        "idClient": 206,
        "price": 50100
    },
    {
        "idTransaction": 313,
        "idAccomodation": 887,
        "idEA": 4,
        "idOwner": 287,
        "idClient": 186,
        "price": 27100
    },
    {
        "idTransaction": 314,
        "idAccomodation": 892,
        "idEA": 2,
        "idOwner": 36,
        "idClient": 245,
        "price": 32600
    },
    {
        "idTransaction": 315,
        "idAccomodation": 893,
        "idEA": 3,
        "idOwner": 37,
        "idClient": 385,
        "price": 75500
    },
    {
        "idTransaction": 316,
        "idAccomodation": 897,
        "idEA": 3,
        "idOwner": 106,
        "idClient": 612,
        "price": 9600
    },
    {
        "idTransaction": 317,
        "idAccomodation": 903,
        "idEA": 10,
        "idOwner": 130,
        "idClient": 321,
        "price": 94400
    },
    {
        "idTransaction": 318,
        "idAccomodation": 905,
        "idEA": 4,
        "idOwner": 288,
        "idClient": 251,
        "price": 50400
    },
    {
        "idTransaction": 319,
        "idAccomodation": 906,
        "idEA": 1,
        "idOwner": 29,
        "idClient": 408,
        "price": 47700
    },
    {
        "idTransaction": 320,
        "idAccomodation": 909,
        "idEA": 4,
        "idOwner": 100,
        "idClient": 359,
        "price": 42900
    },
    {
        "idTransaction": 321,
        "idAccomodation": 914,
        "idEA": 8,
        "idOwner": 237,
        "idClient": 75,
        "price": 79600
    },
    {
        "idTransaction": 322,
        "idAccomodation": 917,
        "idEA": 7,
        "idOwner": 4,
        "idClient": 135,
        "price": 29800
    },
    {
        "idTransaction": 323,
        "idAccomodation": 920,
        "idEA": 3,
        "idOwner": 327,
        "idClient": 65,
        "price": 16500
    },
    {
        "idTransaction": 324,
        "idAccomodation": 933,
        "idEA": 8,
        "idOwner": 308,
        "idClient": 197,
        "price": 14000
    },
    {
        "idTransaction": 325,
        "idAccomodation": 940,
        "idEA": 7,
        "idOwner": 304,
        "idClient": 319,
        "price": 13100
    },
    {
        "idTransaction": 326,
        "idAccomodation": 946,
        "idEA": 4,
        "idOwner": 107,
        "idClient": 412,
        "price": 1700
    },
    {
        "idTransaction": 327,
        "idAccomodation": 951,
        "idEA": 7,
        "idOwner": 146,
        "idClient": 40,
        "price": 81300
    },
    {
        "idTransaction": 328,
        "idAccomodation": 956,
        "idEA": 5,
        "idOwner": 108,
        "idClient": 481,
        "price": 54200
    },
    {
        "idTransaction": 329,
        "idAccomodation": 959,
        "idEA": 2,
        "idOwner": 69,
        "idClient": 281,
        "price": 71300
    },
    {
        "idTransaction": 330,
        "idAccomodation": 965,
        "idEA": 9,
        "idOwner": 268,
        "idClient": 139,
        "price": 11600
    },
    {
        "idTransaction": 331,
        "idAccomodation": 971,
        "idEA": 6,
        "idOwner": 288,
        "idClient": 617,
        "price": 97900
    },
    {
        "idTransaction": 332,
        "idAccomodation": 975,
        "idEA": 4,
        "idOwner": 72,
        "idClient": 546,
        "price": 4900
    },
    {
        "idTransaction": 333,
        "idAccomodation": 981,
        "idEA": 4,
        "idOwner": 307,
        "idClient": 379,
        "price": 59300
    },
    {
        "idTransaction": 334,
        "idAccomodation": 985,
        "idEA": 2,
        "idOwner": 107,
        "idClient": 6,
        "price": 18200
    },
    {
        "idTransaction": 335,
        "idAccomodation": 991,
        "idEA": 8,
        "idOwner": 172,
        "idClient": 650,
        "price": 10000
    },
    {
        "idTransaction": 336,
        "idAccomodation": 992,
        "idEA": 7,
        "idOwner": 318,
        "idClient": 209,
        "price": 59800
    },
    {
        "idTransaction": 337,
        "idAccomodation": 995,
        "idEA": 2,
        "idOwner": 329,
        "idClient": 83,
        "price": 83000
    }
]